timestamp,status,probability,confidence,active_cues,frame_quality,alert_triggered
2026-07-23T10:44:00,Insufficient Data,0.000,0.000,none,Insufficient Data (head not sufficiently frontal),False
2026-07-23T10:44:00,Insufficient Data,0.000,0.000,none,Insufficient Data (head not sufficiently frontal),False
2026-07-23T10:44:00,Insufficient Data,0.000,0.000,none,Insufficient Data (head not sufficiently frontal),False
2026-07-23T10:44:00,Insufficient Data,0.000,0.000,none,Insufficient Data (head not sufficiently frontal),False
2026-07-23T10:44:00,Insufficient Data,0.000,0.000,none,Insufficient Data (head not sufficiently frontal),False
2026-07-23T10:44:00,Insufficient Data,0.000,0.000,none,Insufficient Data (head not sufficiently frontal),False
2026-07-23T10:44:00,Insufficient Data,0.000,0.000,none,Insufficient Data (head not sufficiently frontal),False
2026-07-23T10:44:00,Insufficient Data,0.000,0.000,none,Insufficient Data (head not sufficiently frontal),False
2026-07-23T10:44:00,Insufficient Data,0.000,0.000,none,Insufficient Data (head not sufficiently frontal),False
2026-07-23T10:44:01,Insufficient Data,0.000,0.000,none,Insufficient Data (head not sufficiently frontal),False
2026-07-23T10:44:01,Insufficient Data,0.000,0.000,none,Insufficient Data (head not sufficiently frontal),False
2026-07-23T10:44:01,Insufficient Data,0.000,0.000,none,Insufficient Data (head not sufficiently frontal),False
2026-07-23T10:44:01,Insufficient Data,0.000,0.000,none,Insufficient Data (head not sufficiently frontal),False
2026-07-23T10:44:01,Insufficient Data,0.000,0.000,none,Insufficient Data (head not sufficiently frontal),False
2026-07-23T10:44:01,Insufficient Data,0.000,0.000,none,Insufficient Data (head not sufficiently frontal),False
2026-07-23T10:44:01,Insufficient Data,0.000,0.000,none,Insufficient Data (head not sufficiently frontal),False
2026-07-23T10:44:01,Insufficient Data,0.000,0.000,none,Insufficient Data (head not sufficiently frontal),False
2026-07-23T10:44:01,Insufficient Data,0.000,0.000,none,Insufficient Data (head not sufficiently frontal),False
2026-07-23T10:44:02,Insufficient Data,0.000,0.000,none,Insufficient Data (head not sufficiently frontal),False
2026-07-23T10:44:02,Insufficient Data,0.000,0.000,none,Insufficient Data (head not sufficiently frontal),False
2026-07-23T10:44:02,Insufficient Data,0.000,0.000,none,Insufficient Data (head not sufficiently frontal),False
2026-07-23T10:44:02,Insufficient Data,0.000,0.000,none,Insufficient Data (head not sufficiently frontal),False
2026-07-23T10:44:02,Insufficient Data,0.000,0.000,none,Insufficient Data (head not sufficiently frontal),False
2026-07-23T10:44:02,Insufficient Data,0.000,0.000,none,Insufficient Data (head not sufficiently frontal),False
2026-07-23T10:44:02,Insufficient Data,0.000,0.000,none,Insufficient Data (head not sufficiently frontal),False
2026-07-23T10:44:02,Insufficient Data,0.000,0.000,none,Insufficient Data (head not sufficiently frontal),False
2026-07-23T10:44:02,Insufficient Data,0.000,0.000,none,Insufficient Data (head not sufficiently frontal),False
2026-07-23T10:44:03,Insufficient Data,0.000,0.000,none,Insufficient Data (head not sufficiently frontal),False
2026-07-23T10:44:03,Insufficient Data,0.000,0.000,none,Insufficient Data (head not sufficiently frontal),False
2026-07-23T10:44:03,Insufficient Data,0.000,0.000,none,Insufficient Data (head not sufficiently frontal),False
2026-07-23T10:44:03,Insufficient Data,0.000,0.000,none,Insufficient Data (head not sufficiently frontal),False
2026-07-23T10:44:03,Insufficient Data,0.000,0.000,none,Insufficient Data (head not sufficiently frontal),False
2026-07-23T10:44:03,Insufficient Data,0.000,0.000,none,Insufficient Data (head not sufficiently frontal),False
2026-07-23T10:44:03,Insufficient Data,0.000,0.000,none,Insufficient Data (head not sufficiently frontal),False
2026-07-23T10:44:03,Insufficient Data,0.000,0.000,none,Insufficient Data (head not sufficiently frontal),False
2026-07-23T10:44:03,Insufficient Data,0.000,0.000,none,Insufficient Data (head not sufficiently frontal),False
2026-07-23T10:44:03,Insufficient Data,0.000,0.000,none,Insufficient Data (head not sufficiently frontal),False
2026-07-23T10:44:04,Insufficient Data,0.000,0.000,none,Insufficient Data (head not sufficiently frontal),False
2026-07-23T10:44:04,Insufficient Data,0.000,0.000,none,Insufficient Data (head not sufficiently frontal),False
2026-07-23T10:44:04,Insufficient Data,0.000,0.000,none,Insufficient Data (head not sufficiently frontal),False
2026-07-23T10:44:04,Insufficient Data,0.000,0.000,none,Insufficient Data (head not sufficiently frontal),False
2026-07-23T10:44:04,Insufficient Data,0.000,0.000,none,Insufficient Data (head not sufficiently frontal),False
2026-07-23T10:44:04,Insufficient Data,0.000,0.000,none,Insufficient Data (head not sufficiently frontal),False
2026-07-23T10:44:04,Insufficient Data,0.000,0.000,none,Insufficient Data (head not sufficiently frontal),False
2026-07-23T10:44:04,Insufficient Data,0.000,0.000,none,Insufficient Data (head not sufficiently frontal),False
2026-07-23T10:44:04,Insufficient Data,0.000,0.000,none,Insufficient Data (head not sufficiently frontal),False
2026-07-23T10:44:05,Insufficient Data,0.000,0.000,none,Insufficient Data (head not sufficiently frontal),False
2026-07-23T10:44:05,Insufficient Data,0.000,0.000,none,Insufficient Data (head not sufficiently frontal),False
2026-07-23T10:44:05,Insufficient Data,0.000,0.000,none,Insufficient Data (head not sufficiently frontal),False
2026-07-23T10:44:05,Insufficient Data,0.000,0.000,none,Insufficient Data (head not sufficiently frontal),False
2026-07-23T10:44:05,Insufficient Data,0.000,0.000,none,Insufficient Data (head not sufficiently frontal),False
2026-07-23T10:44:05,Insufficient Data,0.000,0.000,none,Insufficient Data (head not sufficiently frontal),False
2026-07-23T10:44:05,Insufficient Data,0.000,0.000,none,Insufficient Data (head not sufficiently frontal),False
2026-07-23T10:44:05,Insufficient Data,0.000,0.000,none,Insufficient Data (head not sufficiently frontal),False
2026-07-23T10:44:05,Insufficient Data,0.000,0.000,none,Insufficient Data (head not sufficiently frontal),False
2026-07-23T10:44:05,Insufficient Data,0.000,0.000,none,Insufficient Data (head not sufficiently frontal),False
2026-07-23T10:44:05,Insufficient Data,0.000,0.000,none,Insufficient Data (head not sufficiently frontal),False
2026-07-23T10:44:06,Insufficient Data,0.000,0.000,none,Insufficient Data (head not sufficiently frontal),False
2026-07-23T10:44:06,Insufficient Data,0.000,0.000,none,Insufficient Data (head not sufficiently frontal),False
2026-07-23T10:44:06,Insufficient Data,0.000,0.000,none,Insufficient Data (head not sufficiently frontal),False
2026-07-23T10:44:06,Insufficient Data,0.000,0.000,none,Insufficient Data (head not sufficiently frontal),False
2026-07-23T10:44:06,Insufficient Data,0.000,0.000,none,Insufficient Data (head not sufficiently frontal),False
2026-07-23T10:44:06,Insufficient Data,0.000,0.000,none,Insufficient Data (head not sufficiently frontal),False
2026-07-23T10:44:06,Insufficient Data,0.000,0.000,none,Insufficient Data (head not sufficiently frontal),False
2026-07-23T10:44:06,Insufficient Data,0.000,0.000,none,Insufficient Data (head not sufficiently frontal),False
2026-07-23T10:44:06,Insufficient Data,0.000,0.000,none,Insufficient Data (head not sufficiently frontal),False
2026-07-23T10:44:06,Insufficient Data,0.000,0.000,none,Insufficient Data (head not sufficiently frontal),False
2026-07-23T10:44:06,Insufficient Data,0.000,0.000,none,Insufficient Data (head not sufficiently frontal),False
2026-07-23T10:44:06,Insufficient Data,0.000,0.000,none,Insufficient Data (head not sufficiently frontal),False
2026-07-23T10:44:07,Insufficient Data,0.000,0.000,none,Insufficient Data (head not sufficiently frontal),False
2026-07-23T10:44:07,Insufficient Data,0.000,0.000,none,Insufficient Data (head not sufficiently frontal),False
2026-07-23T10:44:07,Insufficient Data,0.000,0.000,none,Insufficient Data (head not sufficiently frontal),False
2026-07-23T10:44:07,Insufficient Data,0.000,0.000,none,Insufficient Data (head not sufficiently frontal),False
2026-07-23T10:44:07,Insufficient Data,0.000,0.000,none,Insufficient Data (head not sufficiently frontal),False
2026-07-23T10:44:07,Insufficient Data,0.000,0.000,none,Insufficient Data (head not sufficiently frontal),False
2026-07-23T10:44:07,Insufficient Data,0.000,0.000,none,Insufficient Data (head not sufficiently frontal),False
2026-07-23T10:44:07,Insufficient Data,0.000,0.000,none,Insufficient Data (head not sufficiently frontal),False
2026-07-23T10:44:07,Insufficient Data,0.000,0.000,none,Insufficient Data (head not sufficiently frontal),False
2026-07-23T10:44:07,Insufficient Data,0.000,0.000,none,Insufficient Data (head not sufficiently frontal),False
2026-07-23T10:44:07,Insufficient Data,0.000,0.000,none,Insufficient Data (head not sufficiently frontal),False
2026-07-23T10:44:08,Insufficient Data,0.000,0.000,none,Insufficient Data (head not sufficiently frontal),False
2026-07-23T10:44:08,Insufficient Data,0.000,0.000,none,Insufficient Data (head not sufficiently frontal),False
2026-07-23T10:44:08,Insufficient Data,0.000,0.000,none,Insufficient Data (head not sufficiently frontal),False
2026-07-23T10:44:08,Insufficient Data,0.000,0.000,none,Insufficient Data (head not sufficiently frontal),False
2026-07-23T10:44:08,Insufficient Data,0.000,0.000,none,Insufficient Data (head not sufficiently frontal),False
2026-07-23T10:44:08,Insufficient Data,0.000,0.000,none,Insufficient Data (head not sufficiently frontal),False
2026-07-23T10:44:08,Insufficient Data,0.000,0.000,none,Insufficient Data (head not sufficiently frontal),False
2026-07-23T10:44:08,Insufficient Data,0.000,0.000,none,Insufficient Data (head not sufficiently frontal),False
2026-07-23T10:44:08,Insufficient Data,0.000,0.000,none,Insufficient Data (head not sufficiently frontal),False
2026-07-23T10:44:08,Insufficient Data,0.000,0.000,none,Insufficient Data (head not sufficiently frontal),False
2026-07-23T10:44:08,Insufficient Data,0.000,0.000,none,Insufficient Data (head not sufficiently frontal),False
2026-07-23T10:44:08,Insufficient Data,0.000,0.000,none,Insufficient Data (head not sufficiently frontal),False
2026-07-23T10:44:09,Insufficient Data,0.000,0.000,none,Insufficient Data (head not sufficiently frontal),False
2026-07-23T10:44:09,Insufficient Data,0.000,0.000,none,Insufficient Data (head not sufficiently frontal),False
2026-07-23T10:44:09,Insufficient Data,0.000,0.000,none,Insufficient Data (head not sufficiently frontal),False
2026-07-23T10:44:09,Insufficient Data,0.000,0.000,none,Insufficient Data (head not sufficiently frontal),False
2026-07-23T10:44:09,Insufficient Data,0.000,0.000,none,Insufficient Data (head not sufficiently frontal),False
2026-07-23T10:44:09,Insufficient Data,0.000,0.000,none,Insufficient Data (head not sufficiently frontal),False
2026-07-23T10:44:09,Insufficient Data,0.000,0.000,none,Insufficient Data (head not sufficiently frontal),False
2026-07-23T10:44:09,Insufficient Data,0.000,0.000,none,Insufficient Data (head not sufficiently frontal),False
2026-07-23T10:44:09,Insufficient Data,0.000,0.000,none,Insufficient Data (head not sufficiently frontal),False
2026-07-23T10:44:09,Insufficient Data,0.000,0.000,none,Insufficient Data (head not sufficiently frontal),False
2026-07-23T10:44:09,Insufficient Data,0.000,0.000,none,Insufficient Data (head not sufficiently frontal),False
2026-07-23T10:44:09,Insufficient Data,0.000,0.000,none,Insufficient Data (head not sufficiently frontal),False
2026-07-23T10:44:10,Insufficient Data,0.000,0.000,none,Insufficient Data (head not sufficiently frontal),False
2026-07-23T10:44:10,Insufficient Data,0.000,0.000,none,Insufficient Data (head not sufficiently frontal),False
2026-07-23T10:44:10,Insufficient Data,0.000,0.000,none,Insufficient Data (head not sufficiently frontal),False
2026-07-23T10:44:10,Insufficient Data,0.000,0.000,none,Insufficient Data (head not sufficiently frontal),False
2026-07-23T10:44:10,Insufficient Data,0.000,0.000,none,Insufficient Data (head not sufficiently frontal),False
2026-07-23T10:44:10,Insufficient Data,0.000,0.000,none,Insufficient Data (head not sufficiently frontal),False
2026-07-23T10:44:10,Insufficient Data,0.000,0.000,none,Insufficient Data (head not sufficiently frontal),False
2026-07-23T10:44:10,Insufficient Data,0.000,0.000,none,Insufficient Data (head not sufficiently frontal),False
2026-07-23T10:44:10,Insufficient Data,0.000,0.000,none,Insufficient Data (head not sufficiently frontal),False
2026-07-23T10:44:10,Insufficient Data,0.000,0.000,none,Insufficient Data (head not sufficiently frontal),False
2026-07-23T10:44:10,Insufficient Data,0.000,0.000,none,Insufficient Data (head not sufficiently frontal),False
2026-07-23T10:44:10,Insufficient Data,0.000,0.000,none,Insufficient Data (head not sufficiently frontal),False
2026-07-23T10:44:11,Insufficient Data,0.000,0.000,none,Insufficient Data (head not sufficiently frontal),False
2026-07-23T10:44:11,Insufficient Data,0.000,0.000,none,Insufficient Data (head not sufficiently frontal),False
2026-07-23T10:44:11,Insufficient Data,0.000,0.000,none,Insufficient Data (head not sufficiently frontal),False
2026-07-23T10:44:11,Insufficient Data,0.000,0.000,none,Insufficient Data (head not sufficiently frontal),False
2026-07-23T10:44:11,Insufficient Data,0.000,0.000,none,Insufficient Data (head not sufficiently frontal),False
2026-07-23T10:44:11,Insufficient Data,0.000,0.000,none,Insufficient Data (head not sufficiently frontal),False
2026-07-23T10:44:11,Insufficient Data,0.000,0.000,none,Insufficient Data (head not sufficiently frontal),False
2026-07-23T10:44:11,Insufficient Data,0.000,0.000,none,Insufficient Data (head not sufficiently frontal),False
2026-07-23T10:44:11,Insufficient Data,0.000,0.000,none,Insufficient Data (head not sufficiently frontal),False
2026-07-23T10:44:11,Insufficient Data,0.000,0.000,none,Insufficient Data (head not sufficiently frontal),False
2026-07-23T10:44:11,Insufficient Data,0.000,0.000,none,Insufficient Data (head not sufficiently frontal),False
2026-07-23T10:44:11,Insufficient Data,0.000,0.000,none,Insufficient Data (head not sufficiently frontal),False
2026-07-23T10:44:12,Insufficient Data,0.000,0.000,none,Insufficient Data (head not sufficiently frontal),False
2026-07-23T10:44:12,Insufficient Data,0.000,0.000,none,Insufficient Data (head not sufficiently frontal),False
2026-07-23T10:44:12,Insufficient Data,0.000,0.000,none,Insufficient Data (head not sufficiently frontal),False
2026-07-23T10:44:12,Insufficient Data,0.000,0.000,none,Insufficient Data (head not sufficiently frontal),False
2026-07-23T10:44:12,Insufficient Data,0.000,0.000,none,Insufficient Data (head not sufficiently frontal),False
2026-07-23T10:44:12,Insufficient Data,0.000,0.000,none,Insufficient Data (head not sufficiently frontal),False
2026-07-23T10:44:12,Insufficient Data,0.000,0.000,none,Insufficient Data (head not sufficiently frontal),False
2026-07-23T10:44:12,Insufficient Data,0.000,0.000,none,Insufficient Data (head not sufficiently frontal),False
2026-07-23T10:44:12,Insufficient Data,0.000,0.000,none,Insufficient Data (head not sufficiently frontal),False
2026-07-23T10:44:12,Insufficient Data,0.000,0.000,none,Insufficient Data (head not sufficiently frontal),False
2026-07-23T10:44:12,Insufficient Data,0.000,0.000,none,Insufficient Data (head not sufficiently frontal),False
2026-07-23T10:44:12,Insufficient Data,0.000,0.000,none,Insufficient Data (head not sufficiently frontal),False
2026-07-23T10:44:12,Insufficient Data,0.000,0.000,none,Insufficient Data (head not sufficiently frontal),False
2026-07-23T10:44:13,Insufficient Data,0.000,0.000,none,Insufficient Data (head not sufficiently frontal),False
2026-07-23T10:44:13,Insufficient Data,0.000,0.000,none,Insufficient Data (head not sufficiently frontal),False
2026-07-23T10:44:13,Insufficient Data,0.000,0.000,none,Insufficient Data (head not sufficiently frontal),False
2026-07-23T10:44:13,Insufficient Data,0.000,0.000,none,Insufficient Data (head not sufficiently frontal),False
2026-07-23T10:44:13,Insufficient Data,0.000,0.000,none,Insufficient Data (head not sufficiently frontal),False
2026-07-23T10:44:13,Insufficient Data,0.000,0.000,none,Insufficient Data (head not sufficiently frontal),False
2026-07-23T10:44:13,Insufficient Data,0.000,0.000,none,Insufficient Data (head not sufficiently frontal),False
2026-07-23T10:44:13,Insufficient Data,0.000,0.000,none,Insufficient Data (head not sufficiently frontal),False
2026-07-23T10:44:13,Insufficient Data,0.000,0.000,none,Insufficient Data (head not sufficiently frontal),False
2026-07-23T10:44:13,Insufficient Data,0.000,0.000,none,Insufficient Data (head not sufficiently frontal),False
2026-07-23T10:44:13,Insufficient Data,0.000,0.000,none,Insufficient Data (head not sufficiently frontal),False
2026-07-23T10:44:13,Insufficient Data,0.000,0.000,none,Insufficient Data (head not sufficiently frontal),False
2026-07-23T10:44:14,Insufficient Data,0.000,0.000,none,Insufficient Data (head not sufficiently frontal),False
2026-07-23T10:44:14,Insufficient Data,0.000,0.000,none,Insufficient Data (head not sufficiently frontal),False
2026-07-23T10:44:14,Insufficient Data,0.000,0.000,none,Insufficient Data (head not sufficiently frontal),False
2026-07-23T10:44:14,Insufficient Data,0.000,0.000,none,Insufficient Data (head not sufficiently frontal),False
2026-07-23T10:44:14,Insufficient Data,0.000,0.000,none,Insufficient Data (head not sufficiently frontal),False
2026-07-23T10:44:14,Insufficient Data,0.000,0.000,none,Insufficient Data (head not sufficiently frontal),False
2026-07-23T10:44:14,Insufficient Data,0.000,0.000,none,Insufficient Data (head not sufficiently frontal),False
2026-07-23T10:44:14,Insufficient Data,0.000,0.000,none,Insufficient Data (head not sufficiently frontal),False
2026-07-23T10:44:14,Insufficient Data,0.000,0.000,none,Insufficient Data (head not sufficiently frontal),False
2026-07-23T10:44:14,Insufficient Data,0.000,0.000,none,Insufficient Data (head not sufficiently frontal),False
2026-07-23T10:44:15,Insufficient Data,0.000,0.000,none,Insufficient Data (head not sufficiently frontal),False
2026-07-23T10:44:15,Insufficient Data,0.000,0.000,none,Insufficient Data (head not sufficiently frontal),False
2026-07-23T10:44:15,Insufficient Data,0.000,0.000,none,Insufficient Data (head not sufficiently frontal),False
2026-07-23T10:44:15,Insufficient Data,0.000,0.000,none,Insufficient Data (head not sufficiently frontal),False
2026-07-23T10:44:15,Insufficient Data,0.000,0.000,none,Insufficient Data (head not sufficiently frontal),False
2026-07-23T10:44:15,Insufficient Data,0.000,0.000,none,Insufficient Data (head not sufficiently frontal),False
2026-07-23T10:44:15,Insufficient Data,0.000,0.000,none,Insufficient Data (head not sufficiently frontal),False
2026-07-23T10:44:15,Insufficient Data,0.000,0.000,none,Insufficient Data (head not sufficiently frontal),False
2026-07-23T10:44:15,Insufficient Data,0.000,0.000,none,Insufficient Data (head not sufficiently frontal),False
2026-07-23T10:44:15,Insufficient Data,0.000,0.000,none,Insufficient Data (head not sufficiently frontal),False
2026-07-23T10:44:15,Insufficient Data,0.000,0.000,none,Insufficient Data (head not sufficiently frontal),False
2026-07-23T10:44:16,Insufficient Data,0.000,0.000,none,Insufficient Data (head not sufficiently frontal),False
2026-07-23T10:44:16,Insufficient Data,0.000,0.000,none,Insufficient Data (head not sufficiently frontal),False
2026-07-23T10:44:16,Insufficient Data,0.000,0.000,none,Insufficient Data (head not sufficiently frontal),False
2026-07-23T10:44:16,Insufficient Data,0.000,0.000,none,Insufficient Data (head not sufficiently frontal),False
2026-07-23T10:44:16,Insufficient Data,0.000,0.000,none,Insufficient Data (head not sufficiently frontal),False
2026-07-23T10:44:16,Insufficient Data,0.000,0.000,none,Insufficient Data (head not sufficiently frontal),False
2026-07-23T10:44:16,Insufficient Data,0.000,0.000,none,Insufficient Data (head not sufficiently frontal),False
2026-07-23T10:44:16,Insufficient Data,0.000,0.000,none,Insufficient Data (head not sufficiently frontal),False
2026-07-23T10:44:16,Insufficient Data,0.000,0.000,none,Insufficient Data (head not sufficiently frontal),False
2026-07-23T10:44:16,Insufficient Data,0.000,0.000,none,Insufficient Data (head not sufficiently frontal),False
2026-07-23T10:44:16,Insufficient Data,0.000,0.000,none,Insufficient Data (head not sufficiently frontal),False
2026-07-23T10:44:16,Insufficient Data,0.000,0.000,none,Insufficient Data (head not sufficiently frontal),False
2026-07-23T10:44:17,Insufficient Data,0.000,0.000,none,Insufficient Data (head not sufficiently frontal),False
2026-07-23T10:44:17,Insufficient Data,0.000,0.000,none,Insufficient Data (head not sufficiently frontal),False
2026-07-23T10:44:17,Insufficient Data,0.000,0.000,none,Insufficient Data (head not sufficiently frontal),False
2026-07-23T10:44:17,Insufficient Data,0.000,0.000,none,Insufficient Data (head not sufficiently frontal),False
2026-07-23T10:44:17,Insufficient Data,0.000,0.000,none,Insufficient Data (head not sufficiently frontal),False
2026-07-23T10:44:17,Insufficient Data,0.000,0.000,none,Insufficient Data (head not sufficiently frontal),False
2026-07-23T10:44:17,Insufficient Data,0.000,0.000,none,Insufficient Data (head not sufficiently frontal),False
2026-07-23T10:44:17,Insufficient Data,0.000,0.000,none,Insufficient Data (head not sufficiently frontal),False
2026-07-23T10:44:17,Insufficient Data,0.000,0.000,none,Insufficient Data (head not sufficiently frontal),False
2026-07-23T10:44:17,Insufficient Data,0.000,0.000,none,Insufficient Data (head not sufficiently frontal),False
2026-07-23T10:44:17,Insufficient Data,0.000,0.000,none,Insufficient Data (head not sufficiently frontal),False
2026-07-23T10:44:17,Insufficient Data,0.000,0.000,none,Insufficient Data (head not sufficiently frontal),False
2026-07-23T10:44:18,Insufficient Data,0.000,0.000,none,Insufficient Data (head not sufficiently frontal),False
2026-07-23T10:44:18,Insufficient Data,0.000,0.000,none,Insufficient Data (head not sufficiently frontal),False
2026-07-23T10:44:18,Insufficient Data,0.000,0.000,none,Insufficient Data (head not sufficiently frontal),False
2026-07-23T10:44:18,Insufficient Data,0.000,0.000,none,Insufficient Data (head not sufficiently frontal),False
2026-07-23T10:44:18,Insufficient Data,0.000,0.000,none,Insufficient Data (head not sufficiently frontal),False
2026-07-23T10:44:18,Insufficient Data,0.000,0.000,none,Insufficient Data (head not sufficiently frontal),False
2026-07-23T10:44:18,Insufficient Data,0.000,0.000,none,Insufficient Data (head not sufficiently frontal),False
2026-07-23T10:44:18,Insufficient Data,0.000,0.000,none,Insufficient Data (head not sufficiently frontal),False
2026-07-23T10:44:18,Insufficient Data,0.000,0.000,none,Insufficient Data (head not sufficiently frontal),False
2026-07-23T10:44:18,Insufficient Data,0.000,0.000,none,Insufficient Data (head not sufficiently frontal),False
2026-07-23T10:44:18,Insufficient Data,0.000,0.000,none,Insufficient Data (head not sufficiently frontal),False
2026-07-23T10:44:19,Insufficient Data,0.000,0.000,none,Insufficient Data (head not sufficiently frontal),False
2026-07-23T10:44:19,Insufficient Data,0.000,0.000,none,Insufficient Data (head not sufficiently frontal),False
2026-07-23T10:44:19,Insufficient Data,0.000,0.000,none,Insufficient Data (head not sufficiently frontal),False
2026-07-23T10:44:19,Insufficient Data,0.000,0.000,none,Insufficient Data (head not sufficiently frontal),False
2026-07-23T10:44:19,Insufficient Data,0.000,0.000,none,Insufficient Data (head not sufficiently frontal),False
2026-07-23T10:44:19,Insufficient Data,0.000,0.000,none,Insufficient Data (head not sufficiently frontal),False
2026-07-23T10:44:19,Insufficient Data,0.000,0.000,none,Insufficient Data (head not sufficiently frontal),False
2026-07-23T10:44:19,Insufficient Data,0.000,0.000,none,Insufficient Data (head not sufficiently frontal),False
2026-07-23T10:44:19,Insufficient Data,0.000,0.000,none,Insufficient Data (head not sufficiently frontal),False
2026-07-23T10:44:19,Insufficient Data,0.000,0.000,none,Insufficient Data (head not sufficiently frontal),False
2026-07-23T10:44:19,Insufficient Data,0.000,0.000,none,Insufficient Data (head not sufficiently frontal),False
2026-07-23T10:44:19,Insufficient Data,0.000,0.000,none,Insufficient Data (head not sufficiently frontal),False
2026-07-23T10:44:20,Insufficient Data,0.000,0.000,none,Insufficient Data (head not sufficiently frontal),False
2026-07-23T10:44:20,Insufficient Data,0.000,0.000,none,Insufficient Data (head not sufficiently frontal),False
2026-07-23T10:44:20,Insufficient Data,0.000,0.000,none,Insufficient Data (head not sufficiently frontal),False
2026-07-23T10:44:20,Insufficient Data,0.000,0.000,none,Insufficient Data (head not sufficiently frontal),False
2026-07-23T10:44:20,Insufficient Data,0.000,0.000,none,Insufficient Data (head not sufficiently frontal),False
2026-07-23T10:44:20,Insufficient Data,0.000,0.000,none,Insufficient Data (head not sufficiently frontal),False
2026-07-23T10:44:20,Insufficient Data,0.000,0.000,none,Insufficient Data (head not sufficiently frontal),False
2026-07-23T10:44:20,Insufficient Data,0.000,0.000,none,Insufficient Data (head not sufficiently frontal),False
2026-07-23T10:44:20,Insufficient Data,0.000,0.000,none,Insufficient Data (head not sufficiently frontal),False
2026-07-23T10:44:20,Insufficient Data,0.000,0.000,none,Insufficient Data (head not sufficiently frontal),False
2026-07-23T10:44:21,Insufficient Data,0.000,0.000,none,Insufficient Data (head not sufficiently frontal),False
2026-07-23T10:44:21,Insufficient Data,0.000,0.000,none,Insufficient Data (head not sufficiently frontal),False
2026-07-23T10:44:21,Insufficient Data,0.000,0.000,none,Insufficient Data (head not sufficiently frontal),False
2026-07-23T10:44:21,Insufficient Data,0.000,0.000,none,Insufficient Data (head not sufficiently frontal),False
2026-07-23T10:44:21,Insufficient Data,0.000,0.000,none,Insufficient Data (head not sufficiently frontal),False
2026-07-23T10:44:21,Insufficient Data,0.000,0.000,none,Insufficient Data (head not sufficiently frontal),False
2026-07-23T10:44:21,Insufficient Data,0.000,0.000,none,Insufficient Data (head not sufficiently frontal),False
2026-07-23T10:44:21,Insufficient Data,0.000,0.000,none,Insufficient Data (head not sufficiently frontal),False
2026-07-23T10:44:21,Insufficient Data,0.000,0.000,none,Insufficient Data (head not sufficiently frontal),False
2026-07-23T10:44:21,Insufficient Data,0.000,0.000,none,Insufficient Data (head not sufficiently frontal),False
2026-07-23T10:44:21,Insufficient Data,0.000,0.000,none,Insufficient Data (head not sufficiently frontal),False
2026-07-23T10:44:22,Insufficient Data,0.000,0.000,none,Insufficient Data (head not sufficiently frontal),False
2026-07-23T10:44:22,Insufficient Data,0.000,0.000,none,Insufficient Data (head not sufficiently frontal),False
2026-07-23T10:44:22,Insufficient Data,0.000,0.000,none,Insufficient Data (head not sufficiently frontal),False
2026-07-23T10:44:22,Insufficient Data,0.000,0.000,none,Insufficient Data (head not sufficiently frontal),False
2026-07-23T10:44:22,Insufficient Data,0.000,0.000,none,Insufficient Data (head not sufficiently frontal),False
2026-07-23T10:44:22,Insufficient Data,0.000,0.000,none,Insufficient Data (head not sufficiently frontal),False
2026-07-23T10:44:22,Insufficient Data,0.000,0.000,none,Insufficient Data (head not sufficiently frontal),False
2026-07-23T10:44:22,Insufficient Data,0.000,0.000,none,Insufficient Data (head not sufficiently frontal),False
2026-07-23T10:44:22,Insufficient Data,0.000,0.000,none,Insufficient Data (head not sufficiently frontal),False
2026-07-23T10:44:22,Insufficient Data,0.000,0.000,none,Insufficient Data (head not sufficiently frontal),False
2026-07-23T10:44:23,Insufficient Data,0.000,0.000,none,Insufficient Data (head not sufficiently frontal),False
2026-07-23T10:44:23,Insufficient Data,0.000,0.000,none,Insufficient Data (head not sufficiently frontal),False
2026-07-23T10:44:23,Insufficient Data,0.000,0.000,none,Insufficient Data (head not sufficiently frontal),False
2026-07-23T10:44:23,Insufficient Data,0.000,0.000,none,Insufficient Data (head not sufficiently frontal),False
2026-07-23T10:44:23,Insufficient Data,0.000,0.000,none,Insufficient Data (head not sufficiently frontal),False
2026-07-23T10:44:23,Insufficient Data,0.000,0.000,none,Insufficient Data (head not sufficiently frontal),False
2026-07-23T10:44:23,Insufficient Data,0.000,0.000,none,Insufficient Data (head not sufficiently frontal),False
2026-07-23T10:44:23,Insufficient Data,0.000,0.000,none,Insufficient Data (head not sufficiently frontal),False
2026-07-23T10:44:23,Insufficient Data,0.000,0.000,none,Insufficient Data (head not sufficiently frontal),False
2026-07-23T10:44:23,Insufficient Data,0.000,0.000,none,Insufficient Data (head not sufficiently frontal),False
2026-07-23T10:44:23,Insufficient Data,0.000,0.000,none,Insufficient Data (head not sufficiently frontal),False
2026-07-23T10:44:24,Insufficient Data,0.000,0.000,none,Insufficient Data (head not sufficiently frontal),False
2026-07-23T10:44:24,Insufficient Data,0.000,0.000,none,Insufficient Data (head not sufficiently frontal),False
2026-07-23T10:44:24,Insufficient Data,0.000,0.000,none,Insufficient Data (head not sufficiently frontal),False
2026-07-23T10:44:24,Insufficient Data,0.000,0.000,none,Insufficient Data (head not sufficiently frontal),False
2026-07-23T10:44:24,Insufficient Data,0.000,0.000,none,Insufficient Data (head not sufficiently frontal),False
2026-07-23T10:44:24,Insufficient Data,0.000,0.000,none,Insufficient Data (head not sufficiently frontal),False
2026-07-23T10:44:24,Insufficient Data,0.000,0.000,none,Insufficient Data (head not sufficiently frontal),False
2026-07-23T10:44:24,Insufficient Data,0.000,0.000,none,Insufficient Data (head not sufficiently frontal),False
2026-07-23T10:44:24,Insufficient Data,0.000,0.000,none,Insufficient Data (head not sufficiently frontal),False
2026-07-23T10:44:24,Insufficient Data,0.000,0.000,none,Insufficient Data (head not sufficiently frontal),False
2026-07-23T10:44:24,Insufficient Data,0.000,0.000,none,Insufficient Data (head not sufficiently frontal),False
2026-07-23T10:44:24,Insufficient Data,0.000,0.000,none,Insufficient Data (head not sufficiently frontal),False
2026-07-23T10:44:25,Insufficient Data,0.000,0.000,none,Insufficient Data (head not sufficiently frontal),False
2026-07-23T10:44:25,Insufficient Data,0.000,0.000,none,Insufficient Data (head not sufficiently frontal),False
2026-07-23T10:44:25,Insufficient Data,0.000,0.000,none,Insufficient Data (head not sufficiently frontal),False
2026-07-23T10:44:25,Insufficient Data,0.000,0.000,none,Insufficient Data (head not sufficiently frontal),False
2026-07-23T10:44:25,Insufficient Data,0.000,0.000,none,Insufficient Data (head not sufficiently frontal),False
2026-07-23T10:44:25,Insufficient Data,0.000,0.000,none,Insufficient Data (head not sufficiently frontal),False
2026-07-23T10:44:25,Insufficient Data,0.000,0.000,none,Insufficient Data (head not sufficiently frontal),False
2026-07-23T10:44:25,Insufficient Data,0.000,0.000,none,Insufficient Data (head not sufficiently frontal),False
2026-07-23T10:44:25,Insufficient Data,0.000,0.000,none,Insufficient Data (head not sufficiently frontal),False
2026-07-23T10:44:25,Insufficient Data,0.000,0.000,none,Insufficient Data (head not sufficiently frontal),False
2026-07-23T10:44:26,Insufficient Data,0.000,0.000,none,Insufficient Data (head not sufficiently frontal),False
2026-07-23T10:44:26,Insufficient Data,0.000,0.000,none,Insufficient Data (head not sufficiently frontal),False
2026-07-23T10:44:26,Insufficient Data,0.000,0.000,none,Insufficient Data (head not sufficiently frontal),False
2026-07-23T10:44:26,Insufficient Data,0.000,0.000,none,Insufficient Data (head not sufficiently frontal),False
2026-07-23T10:44:26,Insufficient Data,0.000,0.000,none,Insufficient Data (head not sufficiently frontal),False
2026-07-23T10:44:26,Insufficient Data,0.000,0.000,none,Insufficient Data (head not sufficiently frontal),False
2026-07-23T10:44:26,Insufficient Data,0.000,0.000,none,Insufficient Data (head not sufficiently frontal),False
2026-07-23T10:44:26,Insufficient Data,0.000,0.000,none,Insufficient Data (head not sufficiently frontal),False
2026-07-23T10:44:26,Insufficient Data,0.000,0.000,none,Insufficient Data (head not sufficiently frontal),False
2026-07-23T10:44:26,Insufficient Data,0.000,0.000,none,Insufficient Data (head not sufficiently frontal),False
2026-07-23T10:44:26,Insufficient Data,0.000,0.000,none,Insufficient Data (head not sufficiently frontal),False
2026-07-23T10:44:26,Insufficient Data,0.000,0.000,none,Insufficient Data (head not sufficiently frontal),False
2026-07-23T10:44:27,Insufficient Data,0.000,0.000,none,Insufficient Data (head not sufficiently frontal),False
2026-07-23T10:44:27,Insufficient Data,0.000,0.000,none,Insufficient Data (head not sufficiently frontal),False
2026-07-23T10:44:27,Insufficient Data,0.000,0.000,none,Insufficient Data (head not sufficiently frontal),False
2026-07-23T10:44:27,Insufficient Data,0.000,0.000,none,Insufficient Data (head not sufficiently frontal),False
2026-07-23T10:44:27,Insufficient Data,0.000,0.000,none,Insufficient Data (head not sufficiently frontal),False
2026-07-23T10:44:27,Insufficient Data,0.000,0.000,none,Insufficient Data (head not sufficiently frontal),False
2026-07-23T10:44:27,Insufficient Data,0.000,0.000,none,Insufficient Data (head not sufficiently frontal),False
2026-07-23T10:44:27,Insufficient Data,0.000,0.000,none,Insufficient Data (head not sufficiently frontal),False
2026-07-23T10:44:27,Insufficient Data,0.000,0.000,none,Insufficient Data (head not sufficiently frontal),False
2026-07-23T10:44:28,Not Drowsy,0.984,0.347,eye_closure+blink_duration+yawning+head_pose,Good,False
2026-07-23T10:44:28,Insufficient Data,0.000,0.000,none,Insufficient Data (head not sufficiently frontal),False
2026-07-23T10:44:28,Insufficient Data,0.000,0.000,none,Insufficient Data (head not sufficiently frontal),False
2026-07-23T10:44:28,Insufficient Data,0.000,0.000,none,Insufficient Data (head not sufficiently frontal),False
2026-07-23T10:44:29,Insufficient Data,0.000,0.000,none,Insufficient Data (head not sufficiently frontal),False
2026-07-23T10:44:29,Insufficient Data,0.000,0.000,none,Insufficient Data (head not sufficiently frontal),False
2026-07-23T10:44:29,Insufficient Data,0.000,0.000,none,Insufficient Data (head not sufficiently frontal),False
2026-07-23T10:44:29,Insufficient Data,0.000,0.000,none,Insufficient Data (head not sufficiently frontal),False
2026-07-23T10:44:29,Insufficient Data,0.000,0.000,none,Insufficient Data (head not sufficiently frontal),False
2026-07-23T10:44:29,Insufficient Data,0.000,0.000,none,Insufficient Data (head not sufficiently frontal),False
2026-07-23T10:44:29,Insufficient Data,0.000,0.000,none,Insufficient Data (head not sufficiently frontal),False
2026-07-23T10:44:29,Insufficient Data,0.000,0.000,none,Insufficient Data (head not sufficiently frontal),False
2026-07-23T10:44:29,Insufficient Data,0.000,0.000,none,Insufficient Data (head not sufficiently frontal),False
2026-07-23T10:44:29,Insufficient Data,0.000,0.000,none,Insufficient Data (head not sufficiently frontal),False
2026-07-23T10:44:30,Insufficient Data,0.000,0.000,none,Insufficient Data (head not sufficiently frontal),False
2026-07-23T10:44:30,Insufficient Data,0.000,0.000,none,Insufficient Data (head not sufficiently frontal),False
2026-07-23T10:44:30,Insufficient Data,0.000,0.000,none,Insufficient Data (head not sufficiently frontal),False
2026-07-23T10:44:30,Insufficient Data,0.000,0.000,none,Insufficient Data (head not sufficiently frontal),False
2026-07-23T10:44:30,Insufficient Data,0.000,0.000,none,Insufficient Data (head not sufficiently frontal),False
2026-07-23T10:44:30,Insufficient Data,0.000,0.000,none,Insufficient Data (head not sufficiently frontal),False
2026-07-23T10:44:30,Insufficient Data,0.000,0.000,none,Insufficient Data (head not sufficiently frontal),False
2026-07-23T10:44:30,Insufficient Data,0.000,0.000,none,Insufficient Data (head not sufficiently frontal),False
2026-07-23T10:44:30,Insufficient Data,0.000,0.000,none,Insufficient Data (head not sufficiently frontal),False
2026-07-23T10:44:30,Insufficient Data,0.000,0.000,none,Insufficient Data (head not sufficiently frontal),False
2026-07-23T10:44:30,Insufficient Data,0.000,0.000,none,Insufficient Data (head not sufficiently frontal),False
2026-07-23T10:44:30,Insufficient Data,0.000,0.000,none,Insufficient Data (head not sufficiently frontal),False
2026-07-23T10:44:31,Insufficient Data,0.000,0.000,none,Insufficient Data (head not sufficiently frontal),False
2026-07-23T10:44:31,Insufficient Data,0.000,0.000,none,Insufficient Data (head not sufficiently frontal),False
2026-07-23T10:44:31,Insufficient Data,0.000,0.000,none,Insufficient Data (head not sufficiently frontal),False
2026-07-23T10:44:31,Insufficient Data,0.000,0.000,none,Insufficient Data (head not sufficiently frontal),False
2026-07-23T10:44:31,Insufficient Data,0.000,0.000,none,Insufficient Data (head not sufficiently frontal),False
2026-07-23T10:44:31,Insufficient Data,0.000,0.000,none,Insufficient Data (head not sufficiently frontal),False
2026-07-23T10:44:31,Insufficient Data,0.000,0.000,none,Insufficient Data (head not sufficiently frontal),False
2026-07-23T10:44:31,Insufficient Data,0.000,0.000,none,Insufficient Data (head not sufficiently frontal),False
2026-07-23T10:44:31,Insufficient Data,0.000,0.000,none,Insufficient Data (head not sufficiently frontal),False
2026-07-23T10:44:31,Insufficient Data,0.000,0.000,none,Insufficient Data (head not sufficiently frontal),False
2026-07-23T10:44:31,Insufficient Data,0.000,0.000,none,Insufficient Data (head not sufficiently frontal),False
2026-07-23T10:44:31,Insufficient Data,0.000,0.000,none,Insufficient Data (head not sufficiently frontal),False
2026-07-23T10:44:32,Insufficient Data,0.000,0.000,none,Insufficient Data (head not sufficiently frontal),False
2026-07-23T10:44:32,Insufficient Data,0.000,0.000,none,Insufficient Data (head not sufficiently frontal),False
2026-07-23T10:44:32,Insufficient Data,0.000,0.000,none,Insufficient Data (head not sufficiently frontal),False
2026-07-23T10:44:32,Insufficient Data,0.000,0.000,none,Insufficient Data (head not sufficiently frontal),False
2026-07-23T10:44:32,Insufficient Data,0.000,0.000,none,Insufficient Data (head not sufficiently frontal),False
2026-07-23T10:44:32,Insufficient Data,0.000,0.000,none,Insufficient Data (head not sufficiently frontal),False
2026-07-23T10:44:32,Insufficient Data,0.000,0.000,none,Insufficient Data (head not sufficiently frontal),False
2026-07-23T10:44:32,Insufficient Data,0.000,0.000,none,Insufficient Data (head not sufficiently frontal),False
2026-07-23T10:44:32,Insufficient Data,0.000,0.000,none,Insufficient Data (head not sufficiently frontal),False
2026-07-23T10:44:32,Insufficient Data,0.000,0.000,none,Insufficient Data (head not sufficiently frontal),False
2026-07-23T10:44:32,Insufficient Data,0.000,0.000,none,Insufficient Data (head not sufficiently frontal),False
2026-07-23T10:44:32,Insufficient Data,0.000,0.000,none,Insufficient Data (head not sufficiently frontal),False
2026-07-23T10:44:33,Insufficient Data,0.000,0.000,none,Insufficient Data (head not sufficiently frontal),False
2026-07-23T10:44:33,Insufficient Data,0.000,0.000,none,Insufficient Data (head not sufficiently frontal),False
2026-07-23T10:44:33,Insufficient Data,0.000,0.000,none,Insufficient Data (head not sufficiently frontal),False
2026-07-23T10:44:33,Insufficient Data,0.000,0.000,none,Insufficient Data (head not sufficiently frontal),False
2026-07-23T10:44:33,Insufficient Data,0.000,0.000,none,Insufficient Data (head not sufficiently frontal),False
2026-07-23T10:44:33,Insufficient Data,0.000,0.000,none,Insufficient Data (head not sufficiently frontal),False
2026-07-23T10:44:33,Insufficient Data,0.000,0.000,none,Insufficient Data (head not sufficiently frontal),False
2026-07-23T10:44:33,Insufficient Data,0.000,0.000,none,Insufficient Data (head not sufficiently frontal),False
2026-07-23T10:44:33,Insufficient Data,0.000,0.000,none,Insufficient Data (head not sufficiently frontal),False
2026-07-23T10:44:33,Insufficient Data,0.000,0.000,none,Insufficient Data (head not sufficiently frontal),False
2026-07-23T10:44:33,Insufficient Data,0.000,0.000,none,Insufficient Data (head not sufficiently frontal),False
2026-07-23T10:44:33,Insufficient Data,0.000,0.000,none,Insufficient Data (head not sufficiently frontal),False
2026-07-23T10:44:34,Insufficient Data,0.000,0.000,none,Insufficient Data (head not sufficiently frontal),False
2026-07-23T10:44:34,Insufficient Data,0.000,0.000,none,Insufficient Data (head not sufficiently frontal),False
2026-07-23T10:44:34,Insufficient Data,0.000,0.000,none,Insufficient Data (head not sufficiently frontal),False
2026-07-23T10:44:34,Insufficient Data,0.000,0.000,none,Insufficient Data (head not sufficiently frontal),False
2026-07-23T10:44:34,Insufficient Data,0.000,0.000,none,Insufficient Data (head not sufficiently frontal),False
2026-07-23T10:44:34,Insufficient Data,0.000,0.000,none,Insufficient Data (head not sufficiently frontal),False
2026-07-23T10:44:34,Insufficient Data,0.000,0.000,none,Insufficient Data (head not sufficiently frontal),False
2026-07-23T10:44:34,Insufficient Data,0.000,0.000,none,Insufficient Data (head not sufficiently frontal),False
2026-07-23T10:44:34,Insufficient Data,0.000,0.000,none,Insufficient Data (head not sufficiently frontal),False
2026-07-23T10:44:34,Insufficient Data,0.000,0.000,none,Insufficient Data (head not sufficiently frontal),False
2026-07-23T10:44:34,Insufficient Data,0.000,0.000,none,Insufficient Data (head not sufficiently frontal),False
2026-07-23T10:44:35,Insufficient Data,0.000,0.000,none,Insufficient Data (head not sufficiently frontal),False
2026-07-23T10:44:35,Insufficient Data,0.000,0.000,none,Insufficient Data (head not sufficiently frontal),False
2026-07-23T10:44:35,Insufficient Data,0.000,0.000,none,Insufficient Data (head not sufficiently frontal),False
2026-07-23T10:44:35,Insufficient Data,0.000,0.000,none,Insufficient Data (head not sufficiently frontal),False
2026-07-23T10:44:35,Insufficient Data,0.000,0.000,none,Insufficient Data (head not sufficiently frontal),False
2026-07-23T10:44:35,Insufficient Data,0.000,0.000,none,Insufficient Data (head not sufficiently frontal),False
2026-07-23T10:44:35,Insufficient Data,0.000,0.000,none,Insufficient Data (head not sufficiently frontal),False
2026-07-23T10:44:35,Insufficient Data,0.000,0.000,none,Insufficient Data (head not sufficiently frontal),False
2026-07-23T10:44:35,Insufficient Data,0.000,0.000,none,Insufficient Data (head not sufficiently frontal),False
2026-07-23T10:44:35,Insufficient Data,0.000,0.000,none,Insufficient Data (head not sufficiently frontal),False
2026-07-23T10:44:35,Insufficient Data,0.000,0.000,none,Insufficient Data (head not sufficiently frontal),False
2026-07-23T10:44:35,Insufficient Data,0.000,0.000,none,Insufficient Data (head not sufficiently frontal),False
2026-07-23T10:44:36,Insufficient Data,0.000,0.000,none,Insufficient Data (head not sufficiently frontal),False
2026-07-23T10:44:36,Insufficient Data,0.000,0.000,none,Insufficient Data (head not sufficiently frontal),False
2026-07-23T10:44:36,Insufficient Data,0.000,0.000,none,Insufficient Data (head not sufficiently frontal),False
2026-07-23T10:44:36,Insufficient Data,0.000,0.000,none,Insufficient Data (head not sufficiently frontal),False
2026-07-23T10:44:36,Insufficient Data,0.000,0.000,none,Insufficient Data (no face detected),False
2026-07-23T10:44:36,Insufficient Data,0.000,0.000,none,Insufficient Data (head not sufficiently frontal),False
2026-07-23T10:44:36,Insufficient Data,0.000,0.000,none,Insufficient Data (head not sufficiently frontal),False
2026-07-23T10:44:36,Insufficient Data,0.000,0.000,none,Insufficient Data (no face detected),False
2026-07-23T10:44:36,Insufficient Data,0.000,0.000,none,Insufficient Data (no face detected),False
2026-07-23T10:44:36,Insufficient Data,0.000,0.000,none,Insufficient Data (no face detected),False
2026-07-23T10:44:36,Insufficient Data,0.000,0.000,none,Insufficient Data (no face detected),False
2026-07-23T10:44:36,Insufficient Data,0.000,0.000,none,Insufficient Data (no face detected),False
2026-07-23T10:44:37,Insufficient Data,0.000,0.000,none,Insufficient Data (no face detected),False
2026-07-23T10:44:37,Insufficient Data,0.000,0.000,none,Insufficient Data (no face detected),False
2026-07-23T10:44:37,Insufficient Data,0.000,0.000,none,Insufficient Data (no face detected),False
2026-07-23T10:44:37,Insufficient Data,0.000,0.000,none,Insufficient Data (no face detected),False
2026-07-23T10:44:37,Insufficient Data,0.000,0.000,none,Insufficient Data (no face detected),False
2026-07-23T10:44:37,Insufficient Data,0.000,0.000,none,Insufficient Data (no face detected),False
2026-07-23T10:44:37,Insufficient Data,0.000,0.000,none,Insufficient Data (no face detected),False
2026-07-23T10:44:37,Insufficient Data,0.000,0.000,none,Insufficient Data (no face detected),False
2026-07-23T10:44:37,Insufficient Data,0.000,0.000,none,Insufficient Data (no face detected),False
2026-07-23T10:44:37,Insufficient Data,0.000,0.000,none,Insufficient Data (no face detected),False
2026-07-23T10:44:37,Insufficient Data,0.000,0.000,none,Insufficient Data (no face detected),False
2026-07-23T10:44:37,Insufficient Data,0.000,0.000,none,Insufficient Data (no face detected),False
2026-07-23T10:44:37,Insufficient Data,0.000,0.000,none,Insufficient Data (no face detected),False
2026-07-23T10:44:38,Insufficient Data,0.000,0.000,none,Insufficient Data (no face detected),False
2026-07-23T10:44:38,Insufficient Data,0.000,0.000,none,Insufficient Data (no face detected),False
2026-07-23T10:44:38,Insufficient Data,0.000,0.000,none,Insufficient Data (no face detected),False
2026-07-23T10:44:38,Insufficient Data,0.000,0.000,none,Insufficient Data (no face detected),False
2026-07-23T10:44:38,Insufficient Data,0.000,0.000,none,Insufficient Data (no face detected),False
2026-07-23T10:44:38,Insufficient Data,0.000,0.000,none,Insufficient Data (no face detected),False
2026-07-23T10:44:38,Insufficient Data,0.000,0.000,none,Insufficient Data (no face detected),False
2026-07-23T10:44:38,Insufficient Data,0.000,0.000,none,Insufficient Data (no face detected),False
2026-07-23T10:44:38,Insufficient Data,0.000,0.000,none,Insufficient Data (no face detected),False
2026-07-23T10:44:38,Insufficient Data,0.000,0.000,none,Insufficient Data (no face detected),False
2026-07-23T10:44:38,Insufficient Data,0.000,0.000,none,Insufficient Data (no face detected),False
2026-07-23T10:44:38,Insufficient Data,0.000,0.000,none,Insufficient Data (no face detected),False
2026-07-23T10:44:38,Insufficient Data,0.000,0.000,none,Insufficient Data (no face detected),False
2026-07-23T10:44:38,Insufficient Data,0.000,0.000,none,Insufficient Data (no face detected),False
2026-07-23T10:44:39,Insufficient Data,0.000,0.000,none,Insufficient Data (no face detected),False
2026-07-23T10:44:39,Insufficient Data,0.000,0.000,none,Insufficient Data (no face detected),False
2026-07-23T10:44:39,Insufficient Data,0.000,0.000,none,Insufficient Data (no face detected),False
2026-07-23T10:44:39,Insufficient Data,0.000,0.000,none,Insufficient Data (no face detected),False
2026-07-23T10:44:39,Insufficient Data,0.000,0.000,none,Insufficient Data (head not sufficiently frontal),False
2026-07-23T10:44:39,Insufficient Data,0.000,0.000,none,Insufficient Data (head not sufficiently frontal),False
2026-07-23T10:44:39,Insufficient Data,0.000,0.000,none,Insufficient Data (no face detected),False
2026-07-23T10:44:39,Insufficient Data,0.000,0.000,none,Insufficient Data (head not sufficiently frontal),False
2026-07-23T10:44:39,Insufficient Data,0.000,0.000,none,Insufficient Data (head not sufficiently frontal),False
2026-07-23T10:44:39,Insufficient Data,0.000,0.000,none,Insufficient Data (head not sufficiently frontal),False
2026-07-23T10:44:39,Insufficient Data,0.000,0.000,none,Insufficient Data (no face detected),False
2026-07-23T10:44:40,Insufficient Data,0.000,0.000,none,Insufficient Data (head not sufficiently frontal),False
2026-07-23T10:44:40,Insufficient Data,0.000,0.000,none,Insufficient Data (head not sufficiently frontal),False
2026-07-23T10:44:40,Insufficient Data,0.000,0.000,none,Insufficient Data (head not sufficiently frontal),False
2026-07-23T10:44:40,Insufficient Data,0.000,0.000,none,Insufficient Data (head not sufficiently frontal),False
2026-07-23T10:44:40,Insufficient Data,0.000,0.000,none,Insufficient Data (head not sufficiently frontal),False
2026-07-23T10:44:40,Insufficient Data,0.000,0.000,none,Insufficient Data (head not sufficiently frontal),False
2026-07-23T10:44:40,Insufficient Data,0.000,0.000,none,Insufficient Data (head not sufficiently frontal),False
2026-07-23T10:44:40,Insufficient Data,0.000,0.000,none,Insufficient Data (head not sufficiently frontal),False
2026-07-23T10:44:40,Insufficient Data,0.000,0.000,none,Insufficient Data (head not sufficiently frontal),False
2026-07-23T10:44:40,Insufficient Data,0.000,0.000,none,Insufficient Data (head not sufficiently frontal),False
2026-07-23T10:44:40,Insufficient Data,0.000,0.000,none,Insufficient Data (head not sufficiently frontal),False
2026-07-23T10:44:40,Insufficient Data,0.000,0.000,none,Insufficient Data (head not sufficiently frontal),False
2026-07-23T10:44:41,Insufficient Data,0.000,0.000,none,Insufficient Data (head not sufficiently frontal),False
2026-07-23T10:44:41,Insufficient Data,0.000,0.000,none,Insufficient Data (head not sufficiently frontal),False
2026-07-23T10:44:41,Insufficient Data,0.000,0.000,none,Insufficient Data (head not sufficiently frontal),False
2026-07-23T10:44:41,Insufficient Data,0.000,0.000,none,Insufficient Data (head not sufficiently frontal),False
2026-07-23T10:44:41,Insufficient Data,0.000,0.000,none,Insufficient Data (head not sufficiently frontal),False
2026-07-23T10:44:41,Insufficient Data,0.000,0.000,none,Insufficient Data (head not sufficiently frontal),False
2026-07-23T10:44:41,Insufficient Data,0.000,0.000,none,Insufficient Data (head not sufficiently frontal),False
2026-07-23T10:44:41,Insufficient Data,0.000,0.000,none,Insufficient Data (head not sufficiently frontal),False
2026-07-23T10:44:41,Insufficient Data,0.000,0.000,none,Insufficient Data (head not sufficiently frontal),False
2026-07-23T10:44:42,Insufficient Data,0.000,0.000,none,Insufficient Data (head not sufficiently frontal),False
2026-07-23T10:44:42,Insufficient Data,0.000,0.000,none,Insufficient Data (head not sufficiently frontal),False
2026-07-23T10:44:42,Insufficient Data,0.000,0.000,none,Insufficient Data (head not sufficiently frontal),False
2026-07-23T10:44:42,Insufficient Data,0.000,0.000,none,Insufficient Data (head not sufficiently frontal),False
2026-07-23T10:44:42,Insufficient Data,0.000,0.000,none,Insufficient Data (head not sufficiently frontal),False
2026-07-23T10:44:42,Insufficient Data,0.000,0.000,none,Insufficient Data (head not sufficiently frontal),False
2026-07-23T10:44:42,Insufficient Data,0.000,0.000,none,Insufficient Data (head not sufficiently frontal),False
2026-07-23T10:44:42,Insufficient Data,0.000,0.000,none,Insufficient Data (head not sufficiently frontal),False
2026-07-23T10:44:42,Insufficient Data,0.000,0.000,none,Insufficient Data (head not sufficiently frontal),False
2026-07-23T10:44:42,Insufficient Data,0.000,0.000,none,Insufficient Data (head not sufficiently frontal),False
2026-07-23T10:44:42,Insufficient Data,0.000,0.000,none,Insufficient Data (head not sufficiently frontal),False
2026-07-23T10:44:42,Insufficient Data,0.000,0.000,none,Insufficient Data (head not sufficiently frontal),False
2026-07-23T10:44:42,Insufficient Data,0.000,0.000,none,Insufficient Data (head not sufficiently frontal),False
2026-07-23T10:44:42,Insufficient Data,0.000,0.000,none,Insufficient Data (head not sufficiently frontal),False
2026-07-23T10:44:43,Insufficient Data,0.000,0.000,none,Insufficient Data (head not sufficiently frontal),False
2026-07-23T10:44:43,Insufficient Data,0.000,0.000,none,Insufficient Data (head not sufficiently frontal),False
2026-07-23T10:44:43,Insufficient Data,0.000,0.000,none,Insufficient Data (head not sufficiently frontal),False
2026-07-23T10:44:43,Insufficient Data,0.000,0.000,none,Insufficient Data (head not sufficiently frontal),False
2026-07-23T10:44:43,Insufficient Data,0.000,0.000,none,Insufficient Data (head not sufficiently frontal),False
2026-07-23T10:44:43,Insufficient Data,0.000,0.000,none,Insufficient Data (head not sufficiently frontal),False
2026-07-23T10:44:43,Insufficient Data,0.000,0.000,none,Insufficient Data (head not sufficiently frontal),False
2026-07-23T10:44:43,Insufficient Data,0.000,0.000,none,Insufficient Data (head not sufficiently frontal),False
2026-07-23T10:44:43,Insufficient Data,0.000,0.000,none,Insufficient Data (head not sufficiently frontal),False
2026-07-23T10:44:43,Insufficient Data,0.000,0.000,none,Insufficient Data (head not sufficiently frontal),False
2026-07-23T10:44:44,Insufficient Data,0.000,0.000,none,Insufficient Data (head not sufficiently frontal),False
2026-07-23T10:44:44,Insufficient Data,0.000,0.000,none,Insufficient Data (head not sufficiently frontal),False
2026-07-23T10:44:44,Insufficient Data,0.000,0.000,none,Insufficient Data (head not sufficiently frontal),False
2026-07-23T10:44:44,Insufficient Data,0.000,0.000,none,Insufficient Data (head not sufficiently frontal),False
2026-07-23T10:44:44,Insufficient Data,0.000,0.000,none,Insufficient Data (head not sufficiently frontal),False
2026-07-23T10:44:44,Insufficient Data,0.000,0.000,none,Insufficient Data (head not sufficiently frontal),False
2026-07-23T10:44:44,Insufficient Data,0.000,0.000,none,Insufficient Data (head not sufficiently frontal),False
2026-07-23T10:44:44,Insufficient Data,0.000,0.000,none,Insufficient Data (head not sufficiently frontal),False
2026-07-23T10:44:44,Insufficient Data,0.000,0.000,none,Insufficient Data (head not sufficiently frontal),False
2026-07-23T10:44:44,Insufficient Data,0.000,0.000,none,Insufficient Data (head not sufficiently frontal),False
2026-07-23T10:44:44,Insufficient Data,0.000,0.000,none,Insufficient Data (head not sufficiently frontal),False
2026-07-23T10:44:44,Insufficient Data,0.000,0.000,none,Insufficient Data (head not sufficiently frontal),False
2026-07-23T10:44:44,Insufficient Data,0.000,0.000,none,Insufficient Data (head not sufficiently frontal),False
2026-07-23T10:44:45,Insufficient Data,0.000,0.000,none,Insufficient Data (head not sufficiently frontal),False
2026-07-23T10:44:45,Insufficient Data,0.000,0.000,none,Insufficient Data (head not sufficiently frontal),False
2026-07-23T10:44:45,Insufficient Data,0.000,0.000,none,Insufficient Data (head not sufficiently frontal),False
2026-07-23T10:44:45,Insufficient Data,0.000,0.000,none,Insufficient Data (head not sufficiently frontal),False
2026-07-23T10:44:45,Insufficient Data,0.000,0.000,none,Insufficient Data (head not sufficiently frontal),False
2026-07-23T10:44:45,Insufficient Data,0.000,0.000,none,Insufficient Data (head not sufficiently frontal),False
2026-07-23T10:44:45,Insufficient Data,0.000,0.000,none,Insufficient Data (head not sufficiently frontal),False
2026-07-23T10:44:45,Insufficient Data,0.000,0.000,none,Insufficient Data (head not sufficiently frontal),False
2026-07-23T10:44:45,Insufficient Data,0.000,0.000,none,Insufficient Data (head not sufficiently frontal),False
2026-07-23T10:44:45,Insufficient Data,0.000,0.000,none,Insufficient Data (head not sufficiently frontal),False
2026-07-23T10:44:45,Insufficient Data,0.000,0.000,none,Insufficient Data (head not sufficiently frontal),False
2026-07-23T10:44:46,Insufficient Data,0.000,0.000,none,Insufficient Data (head not sufficiently frontal),False
2026-07-23T10:44:46,Insufficient Data,0.000,0.000,none,Insufficient Data (head not sufficiently frontal),False
2026-07-23T10:44:46,Insufficient Data,0.000,0.000,none,Insufficient Data (head not sufficiently frontal),False
2026-07-23T10:44:46,Insufficient Data,0.000,0.000,none,Insufficient Data (head not sufficiently frontal),False
2026-07-23T10:44:46,Insufficient Data,0.000,0.000,none,Insufficient Data (head not sufficiently frontal),False
2026-07-23T10:44:46,Insufficient Data,0.000,0.000,none,Insufficient Data (head not sufficiently frontal),False
2026-07-23T10:44:46,Insufficient Data,0.000,0.000,none,Insufficient Data (head not sufficiently frontal),False
2026-07-23T10:44:46,Insufficient Data,0.000,0.000,none,Insufficient Data (head not sufficiently frontal),False
2026-07-23T10:44:46,Insufficient Data,0.000,0.000,none,Insufficient Data (head not sufficiently frontal),False
2026-07-23T10:44:46,Insufficient Data,0.000,0.000,none,Insufficient Data (head not sufficiently frontal),False
2026-07-23T10:44:46,Insufficient Data,0.000,0.000,none,Insufficient Data (head not sufficiently frontal),False
2026-07-23T10:44:46,Insufficient Data,0.000,0.000,none,Insufficient Data (head not sufficiently frontal),False
2026-07-23T10:44:47,Insufficient Data,0.000,0.000,none,Insufficient Data (head not sufficiently frontal),False
2026-07-23T10:44:47,Insufficient Data,0.000,0.000,none,Insufficient Data (head not sufficiently frontal),False
2026-07-23T10:44:47,Insufficient Data,0.000,0.000,none,Insufficient Data (head not sufficiently frontal),False
2026-07-23T10:44:47,Insufficient Data,0.000,0.000,none,Insufficient Data (head not sufficiently frontal),False
2026-07-23T10:44:47,Insufficient Data,0.000,0.000,none,Insufficient Data (head not sufficiently frontal),False
2026-07-23T10:44:47,Insufficient Data,0.000,0.000,none,Insufficient Data (head not sufficiently frontal),False
2026-07-23T10:44:47,Insufficient Data,0.000,0.000,none,Insufficient Data (head not sufficiently frontal),False
2026-07-23T10:44:47,Insufficient Data,0.000,0.000,none,Insufficient Data (head not sufficiently frontal),False
2026-07-23T10:44:47,Insufficient Data,0.000,0.000,none,Insufficient Data (head not sufficiently frontal),False
2026-07-23T10:44:47,Insufficient Data,0.000,0.000,none,Insufficient Data (head not sufficiently frontal),False
2026-07-23T10:44:47,Insufficient Data,0.000,0.000,none,Insufficient Data (head not sufficiently frontal),False
2026-07-23T10:44:47,Insufficient Data,0.000,0.000,none,Insufficient Data (head not sufficiently frontal),False
2026-07-23T10:44:48,Insufficient Data,0.000,0.000,none,Insufficient Data (head not sufficiently frontal),False
2026-07-23T10:44:48,Insufficient Data,0.000,0.000,none,Insufficient Data (head not sufficiently frontal),False
2026-07-23T10:44:48,Insufficient Data,0.000,0.000,none,Insufficient Data (head not sufficiently frontal),False
2026-07-23T10:44:48,Insufficient Data,0.000,0.000,none,Insufficient Data (head not sufficiently frontal),False
2026-07-23T10:44:48,Insufficient Data,0.000,0.000,none,Insufficient Data (head not sufficiently frontal),False
2026-07-23T10:44:48,Insufficient Data,0.000,0.000,none,Insufficient Data (head not sufficiently frontal),False
2026-07-23T10:44:48,Insufficient Data,0.000,0.000,none,Insufficient Data (head not sufficiently frontal),False
2026-07-23T10:44:48,Insufficient Data,0.000,0.000,none,Insufficient Data (head not sufficiently frontal),False
2026-07-23T10:44:48,Insufficient Data,0.000,0.000,none,Insufficient Data (head not sufficiently frontal),False
2026-07-23T10:44:48,Insufficient Data,0.000,0.000,none,Insufficient Data (head not sufficiently frontal),False
2026-07-23T10:44:48,Insufficient Data,0.000,0.000,none,Insufficient Data (head not sufficiently frontal),False
2026-07-23T10:44:48,Insufficient Data,0.000,0.000,none,Insufficient Data (head not sufficiently frontal),False
2026-07-23T10:44:49,Insufficient Data,0.000,0.000,none,Insufficient Data (head not sufficiently frontal),False
2026-07-23T10:44:49,Insufficient Data,0.000,0.000,none,Insufficient Data (head not sufficiently frontal),False
2026-07-23T10:44:49,Insufficient Data,0.000,0.000,none,Insufficient Data (head not sufficiently frontal),False
2026-07-23T10:44:49,Insufficient Data,0.000,0.000,none,Insufficient Data (head not sufficiently frontal),False
2026-07-23T10:44:49,Insufficient Data,0.000,0.000,none,Insufficient Data (head not sufficiently frontal),False
2026-07-23T10:44:49,Insufficient Data,0.000,0.000,none,Insufficient Data (head not sufficiently frontal),False
2026-07-23T10:44:49,Insufficient Data,0.000,0.000,none,Insufficient Data (head not sufficiently frontal),False
2026-07-23T10:44:49,Insufficient Data,0.000,0.000,none,Insufficient Data (head not sufficiently frontal),False
2026-07-23T10:44:49,Insufficient Data,0.000,0.000,none,Insufficient Data (head not sufficiently frontal),False
2026-07-23T10:44:49,Insufficient Data,0.000,0.000,none,Insufficient Data (head not sufficiently frontal),False
2026-07-23T10:44:49,Insufficient Data,0.000,0.000,none,Insufficient Data (head not sufficiently frontal),False
2026-07-23T10:44:49,Insufficient Data,0.000,0.000,none,Insufficient Data (head not sufficiently frontal),False
2026-07-23T10:44:50,Insufficient Data,0.000,0.000,none,Insufficient Data (head not sufficiently frontal),False
2026-07-23T10:44:50,Insufficient Data,0.000,0.000,none,Insufficient Data (head not sufficiently frontal),False
2026-07-23T10:44:50,Insufficient Data,0.000,0.000,none,Insufficient Data (head not sufficiently frontal),False
2026-07-23T10:44:50,Insufficient Data,0.000,0.000,none,Insufficient Data (head not sufficiently frontal),False
2026-07-23T10:44:50,Insufficient Data,0.000,0.000,none,Insufficient Data (head not sufficiently frontal),False
2026-07-23T10:44:50,Insufficient Data,0.000,0.000,none,Insufficient Data (head not sufficiently frontal),False
2026-07-23T10:44:50,Insufficient Data,0.000,0.000,none,Insufficient Data (head not sufficiently frontal),False
2026-07-23T10:44:50,Insufficient Data,0.000,0.000,none,Insufficient Data (head not sufficiently frontal),False
2026-07-23T10:44:50,Insufficient Data,0.000,0.000,none,Insufficient Data (head not sufficiently frontal),False
2026-07-23T10:44:50,Insufficient Data,0.000,0.000,none,Insufficient Data (head not sufficiently frontal),False
2026-07-23T10:44:50,Insufficient Data,0.000,0.000,none,Insufficient Data (head not sufficiently frontal),False
2026-07-23T10:44:50,Insufficient Data,0.000,0.000,none,Insufficient Data (head not sufficiently frontal),False
2026-07-23T10:44:51,Insufficient Data,0.000,0.000,none,Insufficient Data (head not sufficiently frontal),False
2026-07-23T10:44:51,Insufficient Data,0.000,0.000,none,Insufficient Data (head not sufficiently frontal),False
2026-07-23T10:44:51,Insufficient Data,0.000,0.000,none,Insufficient Data (head not sufficiently frontal),False
2026-07-23T10:44:51,Insufficient Data,0.000,0.000,none,Insufficient Data (head not sufficiently frontal),False
2026-07-23T10:44:51,Insufficient Data,0.000,0.000,none,Insufficient Data (head not sufficiently frontal),False
2026-07-23T10:44:51,Insufficient Data,0.000,0.000,none,Insufficient Data (head not sufficiently frontal),False
2026-07-23T10:44:51,Insufficient Data,0.000,0.000,none,Insufficient Data (head not sufficiently frontal),False
2026-07-23T10:44:51,Insufficient Data,0.000,0.000,none,Insufficient Data (head not sufficiently frontal),False
2026-07-23T10:44:51,Insufficient Data,0.000,0.000,none,Insufficient Data (head not sufficiently frontal),False
2026-07-23T10:44:51,Insufficient Data,0.000,0.000,none,Insufficient Data (head not sufficiently frontal),False
2026-07-23T10:44:51,Insufficient Data,0.000,0.000,none,Insufficient Data (head not sufficiently frontal),False
2026-07-23T10:44:51,Insufficient Data,0.000,0.000,none,Insufficient Data (head not sufficiently frontal),False
2026-07-23T10:44:52,Insufficient Data,0.000,0.000,none,Insufficient Data (head not sufficiently frontal),False
2026-07-23T10:44:52,Insufficient Data,0.000,0.000,none,Insufficient Data (head not sufficiently frontal),False
2026-07-23T10:44:52,Insufficient Data,0.000,0.000,none,Insufficient Data (head not sufficiently frontal),False
2026-07-23T10:44:52,Insufficient Data,0.000,0.000,none,Insufficient Data (head not sufficiently frontal),False
2026-07-23T10:44:52,Insufficient Data,0.000,0.000,none,Insufficient Data (head not sufficiently frontal),False
2026-07-23T10:44:52,Insufficient Data,0.000,0.000,none,Insufficient Data (head not sufficiently frontal),False
2026-07-23T10:44:52,Insufficient Data,0.000,0.000,none,Insufficient Data (head not sufficiently frontal),False
2026-07-23T10:44:52,Insufficient Data,0.000,0.000,none,Insufficient Data (head not sufficiently frontal),False
2026-07-23T10:44:52,Insufficient Data,0.000,0.000,none,Insufficient Data (head not sufficiently frontal),False
2026-07-23T10:44:52,Insufficient Data,0.000,0.000,none,Insufficient Data (head not sufficiently frontal),False
2026-07-23T10:44:53,Insufficient Data,0.000,0.000,none,Insufficient Data (head not sufficiently frontal),False
2026-07-23T10:44:53,Insufficient Data,0.000,0.000,none,Insufficient Data (head not sufficiently frontal),False
2026-07-23T10:44:53,Insufficient Data,0.000,0.000,none,Insufficient Data (head not sufficiently frontal),False
2026-07-23T10:44:53,Insufficient Data,0.000,0.000,none,Insufficient Data (head not sufficiently frontal),False
2026-07-23T10:44:53,Insufficient Data,0.000,0.000,none,Insufficient Data (head not sufficiently frontal),False
2026-07-23T10:44:53,Insufficient Data,0.000,0.000,none,Insufficient Data (head not sufficiently frontal),False
2026-07-23T10:44:53,Insufficient Data,0.000,0.000,none,Insufficient Data (head not sufficiently frontal),False
2026-07-23T10:44:53,Insufficient Data,0.000,0.000,none,Insufficient Data (head not sufficiently frontal),False
2026-07-23T10:44:53,Insufficient Data,0.000,0.000,none,Insufficient Data (head not sufficiently frontal),False
2026-07-23T10:44:53,Insufficient Data,0.000,0.000,none,Insufficient Data (head not sufficiently frontal),False
2026-07-23T10:44:53,Insufficient Data,0.000,0.000,none,Insufficient Data (head not sufficiently frontal),False
2026-07-23T10:44:53,Insufficient Data,0.000,0.000,none,Insufficient Data (head not sufficiently frontal),False
2026-07-23T10:44:53,Insufficient Data,0.000,0.000,none,Insufficient Data (head not sufficiently frontal),False
2026-07-23T10:44:54,Insufficient Data,0.000,0.000,none,Insufficient Data (head not sufficiently frontal),False
2026-07-23T10:44:54,Insufficient Data,0.000,0.000,none,Insufficient Data (head not sufficiently frontal),False
2026-07-23T10:44:54,Insufficient Data,0.000,0.000,none,Insufficient Data (head not sufficiently frontal),False
2026-07-23T10:44:54,Insufficient Data,0.000,0.000,none,Insufficient Data (head not sufficiently frontal),False
2026-07-23T10:44:54,Insufficient Data,0.000,0.000,none,Insufficient Data (head not sufficiently frontal),False
2026-07-23T10:44:54,Insufficient Data,0.000,0.000,none,Insufficient Data (head not sufficiently frontal),False
2026-07-23T10:44:54,Insufficient Data,0.000,0.000,none,Insufficient Data (head not sufficiently frontal),False
2026-07-23T10:44:54,Insufficient Data,0.000,0.000,none,Insufficient Data (head not sufficiently frontal),False
2026-07-23T10:44:54,Insufficient Data,0.000,0.000,none,Insufficient Data (head not sufficiently frontal),False
2026-07-23T10:44:54,Insufficient Data,0.000,0.000,none,Insufficient Data (head not sufficiently frontal),False
2026-07-23T10:44:54,Insufficient Data,0.000,0.000,none,Insufficient Data (head not sufficiently frontal),False
2026-07-23T10:44:55,Insufficient Data,0.000,0.000,none,Insufficient Data (head not sufficiently frontal),False
2026-07-23T10:44:55,Insufficient Data,0.000,0.000,none,Insufficient Data (head not sufficiently frontal),False
2026-07-23T10:44:55,Insufficient Data,0.000,0.000,none,Insufficient Data (head not sufficiently frontal),False
2026-07-23T10:44:55,Insufficient Data,0.000,0.000,none,Insufficient Data (head not sufficiently frontal),False
2026-07-23T10:44:55,Insufficient Data,0.000,0.000,none,Insufficient Data (head not sufficiently frontal),False
2026-07-23T10:44:55,Insufficient Data,0.000,0.000,none,Insufficient Data (head not sufficiently frontal),False
2026-07-23T10:44:55,Insufficient Data,0.000,0.000,none,Insufficient Data (head not sufficiently frontal),False
2026-07-23T10:44:55,Insufficient Data,0.000,0.000,none,Insufficient Data (head not sufficiently frontal),False
2026-07-23T10:44:55,Insufficient Data,0.000,0.000,none,Insufficient Data (head not sufficiently frontal),False
2026-07-23T10:44:55,Insufficient Data,0.000,0.000,none,Insufficient Data (head not sufficiently frontal),False
2026-07-23T10:44:56,Insufficient Data,0.000,0.000,none,Insufficient Data (head not sufficiently frontal),False
2026-07-23T10:44:56,Insufficient Data,0.000,0.000,none,Insufficient Data (head not sufficiently frontal),False
2026-07-23T10:44:56,Insufficient Data,0.000,0.000,none,Insufficient Data (head not sufficiently frontal),False
2026-07-23T10:44:56,Insufficient Data,0.000,0.000,none,Insufficient Data (head not sufficiently frontal),False
2026-07-23T10:44:56,Insufficient Data,0.000,0.000,none,Insufficient Data (head not sufficiently frontal),False
2026-07-23T10:44:56,Insufficient Data,0.000,0.000,none,Insufficient Data (head not sufficiently frontal),False
2026-07-23T10:44:56,Insufficient Data,0.000,0.000,none,Insufficient Data (head not sufficiently frontal),False
2026-07-23T10:44:56,Insufficient Data,0.000,0.000,none,Insufficient Data (head not sufficiently frontal),False
2026-07-23T10:44:56,Insufficient Data,0.000,0.000,none,Insufficient Data (head not sufficiently frontal),False
2026-07-23T10:44:56,Insufficient Data,0.000,0.000,none,Insufficient Data (head not sufficiently frontal),False
2026-07-23T10:44:56,Insufficient Data,0.000,0.000,none,Insufficient Data (head not sufficiently frontal),False
2026-07-23T10:44:56,Insufficient Data,0.000,0.000,none,Insufficient Data (head not sufficiently frontal),False
2026-07-23T10:44:57,Insufficient Data,0.000,0.000,none,Insufficient Data (head not sufficiently frontal),False
2026-07-23T10:44:57,Insufficient Data,0.000,0.000,none,Insufficient Data (head not sufficiently frontal),False
2026-07-23T10:44:57,Insufficient Data,0.000,0.000,none,Insufficient Data (head not sufficiently frontal),False
2026-07-23T10:44:57,Insufficient Data,0.000,0.000,none,Insufficient Data (head not sufficiently frontal),False
2026-07-23T10:44:57,Insufficient Data,0.000,0.000,none,Insufficient Data (head not sufficiently frontal),False
2026-07-23T10:44:57,Insufficient Data,0.000,0.000,none,Insufficient Data (head not sufficiently frontal),False
2026-07-23T10:44:57,Insufficient Data,0.000,0.000,none,Insufficient Data (head not sufficiently frontal),False
2026-07-23T10:44:57,Insufficient Data,0.000,0.000,none,Insufficient Data (head not sufficiently frontal),False
2026-07-23T10:44:57,Insufficient Data,0.000,0.000,none,Insufficient Data (head not sufficiently frontal),False
2026-07-23T10:44:57,Insufficient Data,0.000,0.000,none,Insufficient Data (head not sufficiently frontal),False
2026-07-23T10:44:58,Insufficient Data,0.000,0.000,none,Insufficient Data (head not sufficiently frontal),False
2026-07-23T10:44:58,Insufficient Data,0.000,0.000,none,Insufficient Data (head not sufficiently frontal),False
2026-07-23T10:44:58,Insufficient Data,0.000,0.000,none,Insufficient Data (no face detected),False
2026-07-23T10:44:58,Insufficient Data,0.000,0.000,none,Insufficient Data (head not sufficiently frontal),False
2026-07-23T10:44:58,Insufficient Data,0.000,0.000,none,Insufficient Data (no face detected),False
2026-07-23T10:44:58,Insufficient Data,0.000,0.000,none,Insufficient Data (no face detected),False
2026-07-23T10:44:58,Insufficient Data,0.000,0.000,none,Insufficient Data (no face detected),False
2026-07-23T10:44:58,Insufficient Data,0.000,0.000,none,Insufficient Data (no face detected),False
2026-07-23T10:44:58,Insufficient Data,0.000,0.000,none,Insufficient Data (no face detected),False
2026-07-23T10:44:58,Insufficient Data,0.000,0.000,none,Insufficient Data (no face detected),False
2026-07-23T10:44:58,Insufficient Data,0.000,0.000,none,Insufficient Data (no face detected),False
2026-07-23T10:44:58,Insufficient Data,0.000,0.000,none,Insufficient Data (no face detected),False
2026-07-23T10:44:59,Insufficient Data,0.000,0.000,none,Insufficient Data (no face detected),False
2026-07-23T10:44:59,Insufficient Data,0.000,0.000,none,Insufficient Data (no face detected),False
2026-07-23T10:44:59,Insufficient Data,0.000,0.000,none,Insufficient Data (no face detected),False
2026-07-23T10:44:59,Insufficient Data,0.000,0.000,none,Insufficient Data (head not sufficiently frontal),False
2026-07-23T10:44:59,Insufficient Data,0.000,0.000,none,Insufficient Data (no face detected),False
2026-07-23T10:44:59,Insufficient Data,0.000,0.000,none,Insufficient Data (no face detected),False
2026-07-23T10:44:59,Insufficient Data,0.000,0.000,none,Insufficient Data (no face detected),False
2026-07-23T10:44:59,Insufficient Data,0.000,0.000,none,Insufficient Data (no face detected),False
2026-07-23T10:44:59,Insufficient Data,0.000,0.000,none,Insufficient Data (no face detected),False
2026-07-23T10:44:59,Insufficient Data,0.000,0.000,none,Insufficient Data (no face detected),False
2026-07-23T10:44:59,Insufficient Data,0.000,0.000,none,Insufficient Data (no face detected),False
2026-07-23T10:45:00,Insufficient Data,0.000,0.000,none,Insufficient Data (no face detected),False
2026-07-23T10:45:00,Insufficient Data,0.000,0.000,none,Insufficient Data (no face detected),False
2026-07-23T10:45:00,Insufficient Data,0.000,0.000,none,Insufficient Data (no face detected),False
2026-07-23T10:45:00,Insufficient Data,0.000,0.000,none,Insufficient Data (no face detected),False
2026-07-23T10:45:00,Insufficient Data,0.000,0.000,none,Insufficient Data (no face detected),False
2026-07-23T10:45:00,Insufficient Data,0.000,0.000,none,Insufficient Data (no face detected),False
2026-07-23T10:45:00,Insufficient Data,0.000,0.000,none,Insufficient Data (no face detected),False
2026-07-23T10:45:00,Insufficient Data,0.000,0.000,none,Insufficient Data (no face detected),False
2026-07-23T10:45:00,Insufficient Data,0.000,0.000,none,Insufficient Data (head not sufficiently frontal),False
2026-07-23T10:45:00,Insufficient Data,0.000,0.000,none,Insufficient Data (head not sufficiently frontal),False
2026-07-23T10:45:00,Insufficient Data,0.000,0.000,none,Insufficient Data (head not sufficiently frontal),False
2026-07-23T10:45:00,Insufficient Data,0.000,0.000,none,Insufficient Data (head not sufficiently frontal),False
2026-07-23T10:45:00,Insufficient Data,0.000,0.000,none,Insufficient Data (head not sufficiently frontal),False
2026-07-23T10:45:01,Insufficient Data,0.000,0.000,none,Insufficient Data (head not sufficiently frontal),False
2026-07-23T10:45:01,Insufficient Data,0.000,0.000,none,Insufficient Data (head not sufficiently frontal),False
2026-07-23T10:45:01,Insufficient Data,0.000,0.000,none,Insufficient Data (head not sufficiently frontal),False
2026-07-23T10:45:01,Insufficient Data,0.000,0.000,none,Insufficient Data (head not sufficiently frontal),False
2026-07-23T10:45:01,Insufficient Data,0.000,0.000,none,Insufficient Data (head not sufficiently frontal),False
2026-07-23T10:45:01,Insufficient Data,0.000,0.000,none,Insufficient Data (no face detected),False
2026-07-23T10:45:01,Insufficient Data,0.000,0.000,none,Insufficient Data (head not sufficiently frontal),False
2026-07-23T10:45:01,Insufficient Data,0.000,0.000,none,Insufficient Data (head not sufficiently frontal),False
2026-07-23T10:45:01,Insufficient Data,0.000,0.000,none,Insufficient Data (head not sufficiently frontal),False
2026-07-23T10:45:01,Insufficient Data,0.000,0.000,none,Insufficient Data (head not sufficiently frontal),False
2026-07-23T10:45:01,Insufficient Data,0.000,0.000,none,Insufficient Data (head not sufficiently frontal),False
2026-07-23T10:45:01,Insufficient Data,0.000,0.000,none,Insufficient Data (head not sufficiently frontal),False
2026-07-23T10:45:02,Insufficient Data,0.000,0.000,none,Insufficient Data (head not sufficiently frontal),False
2026-07-23T10:45:02,Insufficient Data,0.000,0.000,none,Insufficient Data (head not sufficiently frontal),False
2026-07-23T10:45:02,Insufficient Data,0.000,0.000,none,Insufficient Data (head not sufficiently frontal),False
2026-07-23T10:45:02,Insufficient Data,0.000,0.000,none,Insufficient Data (head not sufficiently frontal),False
2026-07-23T10:45:02,Insufficient Data,0.000,0.000,none,Insufficient Data (head not sufficiently frontal),False
2026-07-23T10:45:02,Insufficient Data,0.000,0.000,none,Insufficient Data (head not sufficiently frontal),False
2026-07-23T10:45:02,Insufficient Data,0.000,0.000,none,Insufficient Data (head not sufficiently frontal),False
2026-07-23T10:45:02,Insufficient Data,0.000,0.000,none,Insufficient Data (head not sufficiently frontal),False
2026-07-23T10:45:02,Insufficient Data,0.000,0.000,none,Insufficient Data (head not sufficiently frontal),False
2026-07-23T10:45:02,Insufficient Data,0.000,0.000,none,Insufficient Data (head not sufficiently frontal),False
2026-07-23T10:45:02,Insufficient Data,0.000,0.000,none,Insufficient Data (head not sufficiently frontal),False
2026-07-23T10:45:02,Insufficient Data,0.000,0.000,none,Insufficient Data (head not sufficiently frontal),False
2026-07-23T10:45:03,Insufficient Data,0.000,0.000,none,Insufficient Data (head not sufficiently frontal),False
2026-07-23T10:45:03,Insufficient Data,0.000,0.000,none,Insufficient Data (head not sufficiently frontal),False
2026-07-23T10:45:03,Insufficient Data,0.000,0.000,none,Insufficient Data (head not sufficiently frontal),False
2026-07-23T10:45:03,Insufficient Data,0.000,0.000,none,Insufficient Data (head not sufficiently frontal),False
2026-07-23T10:45:03,Insufficient Data,0.000,0.000,none,Insufficient Data (head not sufficiently frontal),False
2026-07-23T10:45:03,Insufficient Data,0.000,0.000,none,Insufficient Data (head not sufficiently frontal),False
2026-07-23T10:45:03,Insufficient Data,0.000,0.000,none,Insufficient Data (head not sufficiently frontal),False
2026-07-23T10:45:03,Insufficient Data,0.000,0.000,none,Insufficient Data (head not sufficiently frontal),False
2026-07-23T10:45:03,Insufficient Data,0.000,0.000,none,Insufficient Data (head not sufficiently frontal),False
2026-07-23T10:45:04,Insufficient Data,0.000,0.000,none,Insufficient Data (head not sufficiently frontal),False
2026-07-23T10:45:04,Insufficient Data,0.000,0.000,none,Insufficient Data (head not sufficiently frontal),False
2026-07-23T10:45:04,Insufficient Data,0.000,0.000,none,Insufficient Data (head not sufficiently frontal),False
2026-07-23T10:45:04,Insufficient Data,0.000,0.000,none,Insufficient Data (head not sufficiently frontal),False
2026-07-23T10:45:04,Insufficient Data,0.000,0.000,none,Insufficient Data (head not sufficiently frontal),False
2026-07-23T10:45:04,Insufficient Data,0.000,0.000,none,Insufficient Data (head not sufficiently frontal),False
2026-07-23T10:45:04,Insufficient Data,0.000,0.000,none,Insufficient Data (head not sufficiently frontal),False
2026-07-23T10:45:04,Insufficient Data,0.000,0.000,none,Insufficient Data (head not sufficiently frontal),False
2026-07-23T10:45:04,Insufficient Data,0.000,0.000,none,Insufficient Data (head not sufficiently frontal),False
2026-07-23T10:45:04,Insufficient Data,0.000,0.000,none,Insufficient Data (head not sufficiently frontal),False
2026-07-23T10:45:04,Insufficient Data,0.000,0.000,none,Insufficient Data (head not sufficiently frontal),False
2026-07-23T10:45:04,Insufficient Data,0.000,0.000,none,Insufficient Data (head not sufficiently frontal),False
2026-07-23T10:45:04,Insufficient Data,0.000,0.000,none,Insufficient Data (head not sufficiently frontal),False
2026-07-23T10:45:04,Insufficient Data,0.000,0.000,none,Insufficient Data (head not sufficiently frontal),False
2026-07-23T10:45:05,Insufficient Data,0.000,0.000,none,Insufficient Data (head not sufficiently frontal),False
2026-07-23T10:45:05,Insufficient Data,0.000,0.000,none,Insufficient Data (head not sufficiently frontal),False
2026-07-23T10:45:05,Insufficient Data,0.000,0.000,none,Insufficient Data (head not sufficiently frontal),False
2026-07-23T10:45:05,Insufficient Data,0.000,0.000,none,Insufficient Data (head not sufficiently frontal),False
2026-07-23T10:45:05,Insufficient Data,0.000,0.000,none,Insufficient Data (head not sufficiently frontal),False
2026-07-23T10:45:05,Insufficient Data,0.000,0.000,none,Insufficient Data (head not sufficiently frontal),False
2026-07-23T10:45:05,Insufficient Data,0.000,0.000,none,Insufficient Data (head not sufficiently frontal),False
2026-07-23T10:45:05,Insufficient Data,0.000,0.000,none,Insufficient Data (head not sufficiently frontal),False
2026-07-23T10:45:05,Insufficient Data,0.000,0.000,none,Insufficient Data (head not sufficiently frontal),False
2026-07-23T10:45:05,Insufficient Data,0.000,0.000,none,Insufficient Data (head not sufficiently frontal),False
2026-07-23T10:45:05,Insufficient Data,0.000,0.000,none,Insufficient Data (head not sufficiently frontal),False
2026-07-23T10:45:06,Insufficient Data,0.000,0.000,none,Insufficient Data (head not sufficiently frontal),False
2026-07-23T10:45:06,Insufficient Data,0.000,0.000,none,Insufficient Data (head not sufficiently frontal),False
2026-07-23T10:45:06,Insufficient Data,0.000,0.000,none,Insufficient Data (head not sufficiently frontal),False
2026-07-23T10:45:06,Insufficient Data,0.000,0.000,none,Insufficient Data (head not sufficiently frontal),False
2026-07-23T10:45:06,Insufficient Data,0.000,0.000,none,Insufficient Data (head not sufficiently frontal),False
2026-07-23T10:45:06,Insufficient Data,0.000,0.000,none,Insufficient Data (head not sufficiently frontal),False
2026-07-23T10:45:06,Insufficient Data,0.000,0.000,none,Insufficient Data (head not sufficiently frontal),False
2026-07-23T10:45:06,Insufficient Data,0.000,0.000,none,Insufficient Data (head not sufficiently frontal),False
2026-07-23T10:45:06,Insufficient Data,0.000,0.000,none,Insufficient Data (head not sufficiently frontal),False
2026-07-23T10:45:06,Insufficient Data,0.000,0.000,none,Insufficient Data (head not sufficiently frontal),False
2026-07-23T10:45:06,Insufficient Data,0.000,0.000,none,Insufficient Data (head not sufficiently frontal),False
2026-07-23T10:45:06,Insufficient Data,0.000,0.000,none,Insufficient Data (head not sufficiently frontal),False
2026-07-23T10:45:06,Insufficient Data,0.000,0.000,none,Insufficient Data (head not sufficiently frontal),False
2026-07-23T10:45:06,Insufficient Data,0.000,0.000,none,Insufficient Data (head not sufficiently frontal),False
2026-07-23T10:45:07,Insufficient Data,0.000,0.000,none,Insufficient Data (head not sufficiently frontal),False
2026-07-23T10:45:07,Insufficient Data,0.000,0.000,none,Insufficient Data (head not sufficiently frontal),False
2026-07-23T10:45:07,Insufficient Data,0.000,0.000,none,Insufficient Data (head not sufficiently frontal),False
2026-07-23T10:45:07,Insufficient Data,0.000,0.000,none,Insufficient Data (head not sufficiently frontal),False
2026-07-23T10:45:07,Insufficient Data,0.000,0.000,none,Insufficient Data (head not sufficiently frontal),False
2026-07-23T10:45:07,Insufficient Data,0.000,0.000,none,Insufficient Data (head not sufficiently frontal),False
2026-07-23T10:45:07,Insufficient Data,0.000,0.000,none,Insufficient Data (head not sufficiently frontal),False
2026-07-23T10:45:07,Insufficient Data,0.000,0.000,none,Insufficient Data (head not sufficiently frontal),False
2026-07-23T10:45:07,Insufficient Data,0.000,0.000,none,Insufficient Data (head not sufficiently frontal),False
2026-07-23T10:45:07,Insufficient Data,0.000,0.000,none,Insufficient Data (head not sufficiently frontal),False
2026-07-23T10:47:04,Insufficient Data,0.000,0.000,none,Insufficient Data (head not sufficiently frontal),False
2026-07-23T10:47:04,Insufficient Data,0.000,0.000,none,Insufficient Data (head not sufficiently frontal),False
2026-07-23T10:47:04,Insufficient Data,0.000,0.000,none,Insufficient Data (head not sufficiently frontal),False
2026-07-23T10:47:04,Insufficient Data,0.000,0.000,none,Insufficient Data (head not sufficiently frontal),False
2026-07-23T10:47:05,Insufficient Data,0.000,0.000,none,Insufficient Data (head not sufficiently frontal),False
2026-07-23T10:47:05,Insufficient Data,0.000,0.000,none,Insufficient Data (head not sufficiently frontal),False
2026-07-23T10:47:05,Insufficient Data,0.000,0.000,none,Insufficient Data (head not sufficiently frontal),False
2026-07-23T10:47:05,Insufficient Data,0.000,0.000,none,Insufficient Data (head not sufficiently frontal),False
2026-07-23T10:47:05,Insufficient Data,0.000,0.000,none,Insufficient Data (head not sufficiently frontal),False
2026-07-23T10:47:05,Insufficient Data,0.000,0.000,none,Insufficient Data (head not sufficiently frontal),False
2026-07-23T10:47:05,Insufficient Data,0.000,0.000,none,Insufficient Data (head not sufficiently frontal),False
2026-07-23T10:47:05,Insufficient Data,0.000,0.000,none,Insufficient Data (head not sufficiently frontal),False
2026-07-23T10:47:05,Insufficient Data,0.000,0.000,none,Insufficient Data (head not sufficiently frontal),False
2026-07-23T10:47:05,Insufficient Data,0.000,0.000,none,Insufficient Data (head not sufficiently frontal),False
2026-07-23T10:47:05,Insufficient Data,0.000,0.000,none,Insufficient Data (head not sufficiently frontal),False
2026-07-23T10:47:05,Insufficient Data,0.000,0.000,none,Insufficient Data (head not sufficiently frontal),False
2026-07-23T10:47:06,Insufficient Data,0.000,0.000,none,Insufficient Data (head not sufficiently frontal),False
2026-07-23T10:47:06,Insufficient Data,0.000,0.000,none,Insufficient Data (head not sufficiently frontal),False
2026-07-23T10:47:06,Insufficient Data,0.000,0.000,none,Insufficient Data (head not sufficiently frontal),False
2026-07-23T10:47:06,Insufficient Data,0.000,0.000,none,Insufficient Data (head not sufficiently frontal),False
2026-07-23T10:47:06,Insufficient Data,0.000,0.000,none,Insufficient Data (head not sufficiently frontal),False
2026-07-23T10:47:06,Insufficient Data,0.000,0.000,none,Insufficient Data (head not sufficiently frontal),False
2026-07-23T10:47:06,Insufficient Data,0.000,0.000,none,Insufficient Data (head not sufficiently frontal),False
2026-07-23T10:47:06,Insufficient Data,0.000,0.000,none,Insufficient Data (head not sufficiently frontal),False
2026-07-23T10:47:06,Insufficient Data,0.000,0.000,none,Insufficient Data (head not sufficiently frontal),False
2026-07-23T10:47:06,Insufficient Data,0.000,0.000,none,Insufficient Data (head not sufficiently frontal),False
2026-07-23T10:47:06,Insufficient Data,0.000,0.000,none,Insufficient Data (head not sufficiently frontal),False
2026-07-23T10:47:06,Insufficient Data,0.000,0.000,none,Insufficient Data (head not sufficiently frontal),False
2026-07-23T10:47:07,Insufficient Data,0.000,0.000,none,Insufficient Data (head not sufficiently frontal),False
2026-07-23T10:47:07,Insufficient Data,0.000,0.000,none,Insufficient Data (head not sufficiently frontal),False
2026-07-23T10:47:07,Insufficient Data,0.000,0.000,none,Insufficient Data (head not sufficiently frontal),False
2026-07-23T10:47:07,Insufficient Data,0.000,0.000,none,Insufficient Data (head not sufficiently frontal),False
2026-07-23T10:47:07,Insufficient Data,0.000,0.000,none,Insufficient Data (head not sufficiently frontal),False
2026-07-23T10:47:07,Insufficient Data,0.000,0.000,none,Insufficient Data (head not sufficiently frontal),False
2026-07-23T10:47:07,Insufficient Data,0.000,0.000,none,Insufficient Data (head not sufficiently frontal),False
2026-07-23T10:47:07,Insufficient Data,0.000,0.000,none,Insufficient Data (head not sufficiently frontal),False
2026-07-23T10:47:07,Insufficient Data,0.000,0.000,none,Insufficient Data (head not sufficiently frontal),False
2026-07-23T10:47:07,Insufficient Data,0.000,0.000,none,Insufficient Data (head not sufficiently frontal),False
2026-07-23T10:47:07,Insufficient Data,0.000,0.000,none,Insufficient Data (head not sufficiently frontal),False
2026-07-23T10:47:07,Insufficient Data,0.000,0.000,none,Insufficient Data (head not sufficiently frontal),False
2026-07-23T10:47:08,Insufficient Data,0.000,0.000,none,Insufficient Data (head not sufficiently frontal),False
2026-07-23T10:47:08,Insufficient Data,0.000,0.000,none,Insufficient Data (head not sufficiently frontal),False
2026-07-23T10:47:08,Insufficient Data,0.000,0.000,none,Insufficient Data (head not sufficiently frontal),False
2026-07-23T10:47:08,Insufficient Data,0.000,0.000,none,Insufficient Data (head not sufficiently frontal),False
2026-07-23T10:47:08,Insufficient Data,0.000,0.000,none,Insufficient Data (head not sufficiently frontal),False
2026-07-23T10:47:08,Insufficient Data,0.000,0.000,none,Insufficient Data (head not sufficiently frontal),False
2026-07-23T10:47:08,Insufficient Data,0.000,0.000,none,Insufficient Data (head not sufficiently frontal),False
2026-07-23T10:47:08,Insufficient Data,0.000,0.000,none,Insufficient Data (head not sufficiently frontal),False
2026-07-23T10:47:08,Insufficient Data,0.000,0.000,none,Insufficient Data (head not sufficiently frontal),False
2026-07-23T10:47:08,Insufficient Data,0.000,0.000,none,Insufficient Data (head not sufficiently frontal),False
2026-07-23T10:47:08,Insufficient Data,0.000,0.000,none,Insufficient Data (head not sufficiently frontal),False
2026-07-23T10:47:08,Insufficient Data,0.000,0.000,none,Insufficient Data (head not sufficiently frontal),False
2026-07-23T10:47:09,Insufficient Data,0.000,0.000,none,Insufficient Data (no face detected),False
2026-07-23T10:47:09,Insufficient Data,0.000,0.000,none,Insufficient Data (head not sufficiently frontal),False
2026-07-23T10:47:09,Insufficient Data,0.000,0.000,none,Insufficient Data (head not sufficiently frontal),False
2026-07-23T10:47:09,Insufficient Data,0.000,0.000,none,Insufficient Data (head not sufficiently frontal),False
2026-07-23T10:47:09,Insufficient Data,0.000,0.000,none,Insufficient Data (head not sufficiently frontal),False
2026-07-23T10:47:09,Insufficient Data,0.000,0.000,none,Insufficient Data (head not sufficiently frontal),False
2026-07-23T10:47:09,Insufficient Data,0.000,0.000,none,Insufficient Data (head not sufficiently frontal),False
2026-07-23T10:47:09,Insufficient Data,0.000,0.000,none,Insufficient Data (head not sufficiently frontal),False
2026-07-23T10:47:09,Insufficient Data,0.000,0.000,none,Insufficient Data (head not sufficiently frontal),False
2026-07-23T10:47:09,Insufficient Data,0.000,0.000,none,Insufficient Data (head not sufficiently frontal),False
2026-07-23T10:47:09,Insufficient Data,0.000,0.000,none,Insufficient Data (head not sufficiently frontal),False
2026-07-23T10:47:09,Insufficient Data,0.000,0.000,none,Insufficient Data (head not sufficiently frontal),False
2026-07-23T10:47:10,Insufficient Data,0.000,0.000,none,Insufficient Data (head not sufficiently frontal),False
2026-07-23T10:47:10,Insufficient Data,0.000,0.000,none,Insufficient Data (head not sufficiently frontal),False
2026-07-23T10:47:10,Insufficient Data,0.000,0.000,none,Insufficient Data (head not sufficiently frontal),False
2026-07-23T10:47:10,Insufficient Data,0.000,0.000,none,Insufficient Data (head not sufficiently frontal),False
2026-07-23T10:47:10,Insufficient Data,0.000,0.000,none,Insufficient Data (head not sufficiently frontal),False
2026-07-23T10:47:10,Insufficient Data,0.000,0.000,none,Insufficient Data (head not sufficiently frontal),False
2026-07-23T10:47:10,Insufficient Data,0.000,0.000,none,Insufficient Data (head not sufficiently frontal),False
2026-07-23T10:47:10,Insufficient Data,0.000,0.000,none,Insufficient Data (head not sufficiently frontal),False
2026-07-23T10:47:10,Insufficient Data,0.000,0.000,none,Insufficient Data (head not sufficiently frontal),False
2026-07-23T10:47:10,Insufficient Data,0.000,0.000,none,Insufficient Data (head not sufficiently frontal),False
2026-07-23T10:47:10,Insufficient Data,0.000,0.000,none,Insufficient Data (head not sufficiently frontal),False
2026-07-23T10:47:10,Insufficient Data,0.000,0.000,none,Insufficient Data (head not sufficiently frontal),False
2026-07-23T10:47:11,Insufficient Data,0.000,0.000,none,Insufficient Data (head not sufficiently frontal),False
2026-07-23T10:47:11,Insufficient Data,0.000,0.000,none,Insufficient Data (head not sufficiently frontal),False
2026-07-23T10:47:11,Insufficient Data,0.000,0.000,none,Insufficient Data (head not sufficiently frontal),False
2026-07-23T10:47:11,Insufficient Data,0.000,0.000,none,Insufficient Data (head not sufficiently frontal),False
2026-07-23T10:47:11,Insufficient Data,0.000,0.000,none,Insufficient Data (head not sufficiently frontal),False
2026-07-23T10:47:11,Insufficient Data,0.000,0.000,none,Insufficient Data (head not sufficiently frontal),False
2026-07-23T10:47:11,Insufficient Data,0.000,0.000,none,Insufficient Data (head not sufficiently frontal),False
2026-07-23T10:47:11,Insufficient Data,0.000,0.000,none,Insufficient Data (head not sufficiently frontal),False
2026-07-23T10:47:11,Insufficient Data,0.000,0.000,none,Insufficient Data (head not sufficiently frontal),False
2026-07-23T10:47:11,Insufficient Data,0.000,0.000,none,Insufficient Data (head not sufficiently frontal),False
2026-07-23T10:47:11,Insufficient Data,0.000,0.000,none,Insufficient Data (head not sufficiently frontal),False
2026-07-23T10:47:11,Insufficient Data,0.000,0.000,none,Insufficient Data (head not sufficiently frontal),False
2026-07-23T10:47:12,Insufficient Data,0.000,0.000,none,Insufficient Data (head not sufficiently frontal),False
2026-07-23T10:47:12,Insufficient Data,0.000,0.000,none,Insufficient Data (head not sufficiently frontal),False
2026-07-23T10:47:12,Insufficient Data,0.000,0.000,none,Insufficient Data (head not sufficiently frontal),False
2026-07-23T10:47:12,Insufficient Data,0.000,0.000,none,Insufficient Data (head not sufficiently frontal),False
2026-07-23T10:47:12,Insufficient Data,0.000,0.000,none,Insufficient Data (head not sufficiently frontal),False
2026-07-23T10:47:12,Insufficient Data,0.000,0.000,none,Insufficient Data (head not sufficiently frontal),False
2026-07-23T10:47:12,Insufficient Data,0.000,0.000,none,Insufficient Data (head not sufficiently frontal),False
2026-07-23T10:47:12,Insufficient Data,0.000,0.000,none,Insufficient Data (head not sufficiently frontal),False
2026-07-23T10:47:12,Insufficient Data,0.000,0.000,none,Insufficient Data (head not sufficiently frontal),False
2026-07-23T10:47:12,Insufficient Data,0.000,0.000,none,Insufficient Data (head not sufficiently frontal),False
2026-07-23T10:47:12,Insufficient Data,0.000,0.000,none,Insufficient Data (head not sufficiently frontal),False
2026-07-23T10:47:13,Insufficient Data,0.000,0.000,none,Insufficient Data (head not sufficiently frontal),False
2026-07-23T10:47:13,Insufficient Data,0.000,0.000,none,Insufficient Data (head not sufficiently frontal),False
2026-07-23T10:47:13,Insufficient Data,0.000,0.000,none,Insufficient Data (head not sufficiently frontal),False
2026-07-23T10:47:13,Insufficient Data,0.000,0.000,none,Insufficient Data (head not sufficiently frontal),False
2026-07-23T10:47:13,Insufficient Data,0.000,0.000,none,Insufficient Data (head not sufficiently frontal),False
2026-07-23T10:47:13,Insufficient Data,0.000,0.000,none,Insufficient Data (head not sufficiently frontal),False
2026-07-23T10:47:13,Insufficient Data,0.000,0.000,none,Insufficient Data (head not sufficiently frontal),False
2026-07-23T10:47:13,Insufficient Data,0.000,0.000,none,Insufficient Data (head not sufficiently frontal),False
2026-07-23T10:47:13,Insufficient Data,0.000,0.000,none,Insufficient Data (head not sufficiently frontal),False
2026-07-23T10:47:13,Insufficient Data,0.000,0.000,none,Insufficient Data (head not sufficiently frontal),False
2026-07-23T10:47:13,Insufficient Data,0.000,0.000,none,Insufficient Data (head not sufficiently frontal),False
2026-07-23T10:47:13,Insufficient Data,0.000,0.000,none,Insufficient Data (head not sufficiently frontal),False
2026-07-23T10:47:14,Insufficient Data,0.000,0.000,none,Insufficient Data (head not sufficiently frontal),False
2026-07-23T10:47:14,Insufficient Data,0.000,0.000,none,Insufficient Data (head not sufficiently frontal),False
2026-07-23T10:47:14,Insufficient Data,0.000,0.000,none,Insufficient Data (head not sufficiently frontal),False
2026-07-23T10:47:14,Insufficient Data,0.000,0.000,none,Insufficient Data (head not sufficiently frontal),False
2026-07-23T10:47:14,Insufficient Data,0.000,0.000,none,Insufficient Data (head not sufficiently frontal),False
2026-07-23T10:47:14,Insufficient Data,0.000,0.000,none,Insufficient Data (head not sufficiently frontal),False
2026-07-23T10:47:14,Insufficient Data,0.000,0.000,none,Insufficient Data (head not sufficiently frontal),False
2026-07-23T10:47:14,Insufficient Data,0.000,0.000,none,Insufficient Data (head not sufficiently frontal),False
2026-07-23T10:47:14,Insufficient Data,0.000,0.000,none,Insufficient Data (head not sufficiently frontal),False
2026-07-23T10:47:14,Insufficient Data,0.000,0.000,none,Insufficient Data (head not sufficiently frontal),False
2026-07-23T10:47:14,Insufficient Data,0.000,0.000,none,Insufficient Data (head not sufficiently frontal),False
2026-07-23T10:47:15,Insufficient Data,0.000,0.000,none,Insufficient Data (head not sufficiently frontal),False
2026-07-23T10:47:15,Insufficient Data,0.000,0.000,none,Insufficient Data (head not sufficiently frontal),False
2026-07-23T10:47:15,Insufficient Data,0.000,0.000,none,Insufficient Data (head not sufficiently frontal),False
2026-07-23T10:47:15,Insufficient Data,0.000,0.000,none,Insufficient Data (head not sufficiently frontal),False
2026-07-23T10:47:15,Insufficient Data,0.000,0.000,none,Insufficient Data (head not sufficiently frontal),False
2026-07-23T10:47:15,Insufficient Data,0.000,0.000,none,Insufficient Data (head not sufficiently frontal),False
2026-07-23T10:47:15,Insufficient Data,0.000,0.000,none,Insufficient Data (head not sufficiently frontal),False
2026-07-23T10:47:15,Insufficient Data,0.000,0.000,none,Insufficient Data (head not sufficiently frontal),False
2026-07-23T10:47:15,Insufficient Data,0.000,0.000,none,Insufficient Data (head not sufficiently frontal),False
2026-07-23T10:47:15,Insufficient Data,0.000,0.000,none,Insufficient Data (head not sufficiently frontal),False
2026-07-23T10:47:15,Insufficient Data,0.000,0.000,none,Insufficient Data (head not sufficiently frontal),False
2026-07-23T10:47:16,Insufficient Data,0.000,0.000,none,Insufficient Data (head not sufficiently frontal),False
2026-07-23T10:47:16,Insufficient Data,0.000,0.000,none,Insufficient Data (head not sufficiently frontal),False
2026-07-23T10:47:16,Insufficient Data,0.000,0.000,none,Insufficient Data (head not sufficiently frontal),False
2026-07-23T10:47:16,Insufficient Data,0.000,0.000,none,Insufficient Data (head not sufficiently frontal),False
2026-07-23T10:47:16,Insufficient Data,0.000,0.000,none,Insufficient Data (head not sufficiently frontal),False
2026-07-23T10:47:16,Insufficient Data,0.000,0.000,none,Insufficient Data (head not sufficiently frontal),False
2026-07-23T10:47:16,Insufficient Data,0.000,0.000,none,Insufficient Data (head not sufficiently frontal),False
2026-07-23T10:47:16,Insufficient Data,0.000,0.000,none,Insufficient Data (head not sufficiently frontal),False
2026-07-23T10:47:16,Insufficient Data,0.000,0.000,none,Insufficient Data (head not sufficiently frontal),False
2026-07-23T10:47:16,Insufficient Data,0.000,0.000,none,Insufficient Data (head not sufficiently frontal),False
2026-07-23T10:47:16,Insufficient Data,0.000,0.000,none,Insufficient Data (head not sufficiently frontal),False
2026-07-23T10:47:17,Insufficient Data,0.000,0.000,none,Insufficient Data (head not sufficiently frontal),False
2026-07-23T10:47:17,Insufficient Data,0.000,0.000,none,Insufficient Data (head not sufficiently frontal),False
2026-07-23T10:47:17,Insufficient Data,0.000,0.000,none,Insufficient Data (head not sufficiently frontal),False
2026-07-23T10:47:17,Insufficient Data,0.000,0.000,none,Insufficient Data (head not sufficiently frontal),False
2026-07-23T10:47:17,Insufficient Data,0.000,0.000,none,Insufficient Data (head not sufficiently frontal),False
2026-07-23T10:47:17,Insufficient Data,0.000,0.000,none,Insufficient Data (head not sufficiently frontal),False
2026-07-23T10:47:17,Insufficient Data,0.000,0.000,none,Insufficient Data (head not sufficiently frontal),False
2026-07-23T10:47:17,Insufficient Data,0.000,0.000,none,Insufficient Data (head not sufficiently frontal),False
2026-07-23T10:47:17,Insufficient Data,0.000,0.000,none,Insufficient Data (head not sufficiently frontal),False
2026-07-23T10:47:17,Insufficient Data,0.000,0.000,none,Insufficient Data (head not sufficiently frontal),False
2026-07-23T10:47:17,Insufficient Data,0.000,0.000,none,Insufficient Data (head not sufficiently frontal),False
2026-07-23T10:47:17,Insufficient Data,0.000,0.000,none,Insufficient Data (head not sufficiently frontal),False
2026-07-23T10:47:18,Insufficient Data,0.000,0.000,none,Insufficient Data (head not sufficiently frontal),False
2026-07-23T10:47:18,Insufficient Data,0.000,0.000,none,Insufficient Data (head not sufficiently frontal),False
2026-07-23T10:47:18,Insufficient Data,0.000,0.000,none,Insufficient Data (head not sufficiently frontal),False
2026-07-23T10:47:18,Insufficient Data,0.000,0.000,none,Insufficient Data (head not sufficiently frontal),False
2026-07-23T10:47:18,Insufficient Data,0.000,0.000,none,Insufficient Data (head not sufficiently frontal),False
2026-07-23T10:47:18,Insufficient Data,0.000,0.000,none,Insufficient Data (head not sufficiently frontal),False
2026-07-23T10:47:18,Insufficient Data,0.000,0.000,none,Insufficient Data (head not sufficiently frontal),False
2026-07-23T10:47:18,Insufficient Data,0.000,0.000,none,Insufficient Data (head not sufficiently frontal),False
2026-07-23T10:47:18,Insufficient Data,0.000,0.000,none,Insufficient Data (head not sufficiently frontal),False
2026-07-23T10:47:18,Insufficient Data,0.000,0.000,none,Insufficient Data (head not sufficiently frontal),False
2026-07-23T10:47:18,Insufficient Data,0.000,0.000,none,Insufficient Data (head not sufficiently frontal),False
2026-07-23T10:47:19,Insufficient Data,0.000,0.000,none,Insufficient Data (head not sufficiently frontal),False
2026-07-23T10:47:19,Insufficient Data,0.000,0.000,none,Insufficient Data (head not sufficiently frontal),False
2026-07-23T10:47:19,Insufficient Data,0.000,0.000,none,Insufficient Data (head not sufficiently frontal),False
2026-07-23T10:47:19,Insufficient Data,0.000,0.000,none,Insufficient Data (head not sufficiently frontal),False
2026-07-23T10:47:19,Insufficient Data,0.000,0.000,none,Insufficient Data (head not sufficiently frontal),False
2026-07-23T10:47:19,Insufficient Data,0.000,0.000,none,Insufficient Data (head not sufficiently frontal),False
2026-07-23T10:47:19,Insufficient Data,0.000,0.000,none,Insufficient Data (head not sufficiently frontal),False
2026-07-23T10:47:19,Insufficient Data,0.000,0.000,none,Insufficient Data (head not sufficiently frontal),False
2026-07-23T10:47:19,Insufficient Data,0.000,0.000,none,Insufficient Data (head not sufficiently frontal),False
2026-07-23T10:47:20,Insufficient Data,0.000,0.000,none,Insufficient Data (head not sufficiently frontal),False
2026-07-23T10:47:20,Insufficient Data,0.000,0.000,none,Insufficient Data (head not sufficiently frontal),False
2026-07-23T10:47:20,Insufficient Data,0.000,0.000,none,Insufficient Data (head not sufficiently frontal),False
2026-07-23T10:47:20,Insufficient Data,0.000,0.000,none,Insufficient Data (head not sufficiently frontal),False
2026-07-23T10:47:20,Insufficient Data,0.000,0.000,none,Insufficient Data (head not sufficiently frontal),False
2026-07-23T10:47:20,Insufficient Data,0.000,0.000,none,Insufficient Data (head not sufficiently frontal),False
2026-07-23T10:47:20,Insufficient Data,0.000,0.000,none,Insufficient Data (head not sufficiently frontal),False
2026-07-23T10:47:20,Insufficient Data,0.000,0.000,none,Insufficient Data (head not sufficiently frontal),False
2026-07-23T10:47:20,Insufficient Data,0.000,0.000,none,Insufficient Data (head not sufficiently frontal),False
2026-07-23T10:47:20,Insufficient Data,0.000,0.000,none,Insufficient Data (head not sufficiently frontal),False
2026-07-23T10:47:20,Insufficient Data,0.000,0.000,none,Insufficient Data (head not sufficiently frontal),False
2026-07-23T10:47:20,Insufficient Data,0.000,0.000,none,Insufficient Data (head not sufficiently frontal),False
2026-07-23T10:47:20,Insufficient Data,0.000,0.000,none,Insufficient Data (head not sufficiently frontal),False
2026-07-23T10:47:20,Insufficient Data,0.000,0.000,none,Insufficient Data (head not sufficiently frontal),False
2026-07-23T10:47:21,Insufficient Data,0.000,0.000,none,Insufficient Data (head not sufficiently frontal),False
2026-07-23T10:47:21,Insufficient Data,0.000,0.000,none,Insufficient Data (head not sufficiently frontal),False
2026-07-23T10:47:21,Insufficient Data,0.000,0.000,none,Insufficient Data (head not sufficiently frontal),False
2026-07-23T10:47:21,Insufficient Data,0.000,0.000,none,Insufficient Data (head not sufficiently frontal),False
2026-07-23T10:47:21,Insufficient Data,0.000,0.000,none,Insufficient Data (head not sufficiently frontal),False
2026-07-23T10:47:21,Insufficient Data,0.000,0.000,none,Insufficient Data (head not sufficiently frontal),False
2026-07-23T10:47:21,Insufficient Data,0.000,0.000,none,Insufficient Data (head not sufficiently frontal),False
2026-07-23T10:47:21,Insufficient Data,0.000,0.000,none,Insufficient Data (head not sufficiently frontal),False
2026-07-23T10:47:21,Insufficient Data,0.000,0.000,none,Insufficient Data (head not sufficiently frontal),False
2026-07-23T10:47:21,Insufficient Data,0.000,0.000,none,Insufficient Data (head not sufficiently frontal),False
2026-07-23T10:47:21,Insufficient Data,0.000,0.000,none,Insufficient Data (head not sufficiently frontal),False
2026-07-23T10:47:21,Insufficient Data,0.000,0.000,none,Insufficient Data (head not sufficiently frontal),False
2026-07-23T10:47:22,Insufficient Data,0.000,0.000,none,Insufficient Data (head not sufficiently frontal),False
2026-07-23T10:47:22,Insufficient Data,0.000,0.000,none,Insufficient Data (head not sufficiently frontal),False
2026-07-23T10:47:22,Insufficient Data,0.000,0.000,none,Insufficient Data (head not sufficiently frontal),False
2026-07-23T10:47:22,Insufficient Data,0.000,0.000,none,Insufficient Data (head not sufficiently frontal),False
2026-07-23T10:47:22,Insufficient Data,0.000,0.000,none,Insufficient Data (head not sufficiently frontal),False
2026-07-23T10:47:22,Insufficient Data,0.000,0.000,none,Insufficient Data (head not sufficiently frontal),False
2026-07-23T10:47:22,Insufficient Data,0.000,0.000,none,Insufficient Data (head not sufficiently frontal),False
2026-07-23T10:47:22,Insufficient Data,0.000,0.000,none,Insufficient Data (head not sufficiently frontal),False
2026-07-23T10:47:22,Insufficient Data,0.000,0.000,none,Insufficient Data (head not sufficiently frontal),False
2026-07-23T10:47:22,Insufficient Data,0.000,0.000,none,Insufficient Data (head not sufficiently frontal),False
2026-07-23T10:47:22,Insufficient Data,0.000,0.000,none,Insufficient Data (head not sufficiently frontal),False
2026-07-23T10:47:22,Insufficient Data,0.000,0.000,none,Insufficient Data (head not sufficiently frontal),False
2026-07-23T10:47:22,Insufficient Data,0.000,0.000,none,Insufficient Data (head not sufficiently frontal),False
2026-07-23T10:47:23,Insufficient Data,0.000,0.000,none,Insufficient Data (head not sufficiently frontal),False
2026-07-23T10:47:23,Insufficient Data,0.000,0.000,none,Insufficient Data (head not sufficiently frontal),False
2026-07-23T10:47:23,Insufficient Data,0.000,0.000,none,Insufficient Data (head not sufficiently frontal),False
2026-07-23T10:47:23,Insufficient Data,0.000,0.000,none,Insufficient Data (head not sufficiently frontal),False
2026-07-23T10:47:23,Insufficient Data,0.000,0.000,none,Insufficient Data (head not sufficiently frontal),False
2026-07-23T10:47:23,Insufficient Data,0.000,0.000,none,Insufficient Data (head not sufficiently frontal),False
2026-07-23T10:47:23,Insufficient Data,0.000,0.000,none,Insufficient Data (head not sufficiently frontal),False
2026-07-23T10:47:23,Insufficient Data,0.000,0.000,none,Insufficient Data (head not sufficiently frontal),False
2026-07-23T10:47:23,Insufficient Data,0.000,0.000,none,Insufficient Data (head not sufficiently frontal),False
2026-07-23T10:47:23,Insufficient Data,0.000,0.000,none,Insufficient Data (head not sufficiently frontal),False
2026-07-23T10:47:23,Insufficient Data,0.000,0.000,none,Insufficient Data (head not sufficiently frontal),False
2026-07-23T10:47:23,Insufficient Data,0.000,0.000,none,Insufficient Data (head not sufficiently frontal),False
2026-07-23T10:47:23,Insufficient Data,0.000,0.000,none,Insufficient Data (head not sufficiently frontal),False
2026-07-23T10:47:24,Insufficient Data,0.000,0.000,none,Insufficient Data (head not sufficiently frontal),False
2026-07-23T10:47:24,Insufficient Data,0.000,0.000,none,Insufficient Data (head not sufficiently frontal),False
2026-07-23T10:47:24,Insufficient Data,0.000,0.000,none,Insufficient Data (head not sufficiently frontal),False
2026-07-23T10:47:24,Insufficient Data,0.000,0.000,none,Insufficient Data (head not sufficiently frontal),False
2026-07-23T10:47:24,Insufficient Data,0.000,0.000,none,Insufficient Data (head not sufficiently frontal),False
2026-07-23T10:47:24,Insufficient Data,0.000,0.000,none,Insufficient Data (head not sufficiently frontal),False
2026-07-23T10:47:24,Insufficient Data,0.000,0.000,none,Insufficient Data (head not sufficiently frontal),False
2026-07-23T10:47:24,Insufficient Data,0.000,0.000,none,Insufficient Data (head not sufficiently frontal),False
2026-07-23T10:47:24,Insufficient Data,0.000,0.000,none,Insufficient Data (head not sufficiently frontal),False
2026-07-23T10:47:24,Insufficient Data,0.000,0.000,none,Insufficient Data (head not sufficiently frontal),False
2026-07-23T10:47:24,Insufficient Data,0.000,0.000,none,Insufficient Data (head not sufficiently frontal),False
2026-07-23T10:47:24,Insufficient Data,0.000,0.000,none,Insufficient Data (head not sufficiently frontal),False
2026-07-23T10:47:25,Insufficient Data,0.000,0.000,none,Insufficient Data (head not sufficiently frontal),False
2026-07-23T10:47:25,Insufficient Data,0.000,0.000,none,Insufficient Data (head not sufficiently frontal),False
2026-07-23T10:47:25,Insufficient Data,0.000,0.000,none,Insufficient Data (head not sufficiently frontal),False
2026-07-23T10:47:25,Insufficient Data,0.000,0.000,none,Insufficient Data (head not sufficiently frontal),False
2026-07-23T10:47:25,Insufficient Data,0.000,0.000,none,Insufficient Data (head not sufficiently frontal),False
2026-07-23T10:47:25,Insufficient Data,0.000,0.000,none,Insufficient Data (head not sufficiently frontal),False
2026-07-23T10:47:25,Insufficient Data,0.000,0.000,none,Insufficient Data (head not sufficiently frontal),False
2026-07-23T10:47:25,Insufficient Data,0.000,0.000,none,Insufficient Data (head not sufficiently frontal),False
2026-07-23T10:47:25,Insufficient Data,0.000,0.000,none,Insufficient Data (head not sufficiently frontal),False
2026-07-23T10:47:25,Insufficient Data,0.000,0.000,none,Insufficient Data (head not sufficiently frontal),False
2026-07-23T10:47:25,Insufficient Data,0.000,0.000,none,Insufficient Data (head not sufficiently frontal),False
2026-07-23T10:47:25,Insufficient Data,0.000,0.000,none,Insufficient Data (head not sufficiently frontal),False
2026-07-23T10:47:26,Insufficient Data,0.000,0.000,none,Insufficient Data (head not sufficiently frontal),False
2026-07-23T10:47:26,Insufficient Data,0.000,0.000,none,Insufficient Data (head not sufficiently frontal),False
2026-07-23T10:47:26,Insufficient Data,0.000,0.000,none,Insufficient Data (head not sufficiently frontal),False
2026-07-23T10:47:26,Insufficient Data,0.000,0.000,none,Insufficient Data (head not sufficiently frontal),False
2026-07-23T10:47:26,Insufficient Data,0.000,0.000,none,Insufficient Data (head not sufficiently frontal),False
2026-07-23T10:47:26,Insufficient Data,0.000,0.000,none,Insufficient Data (head not sufficiently frontal),False
2026-07-23T10:47:26,Insufficient Data,0.000,0.000,none,Insufficient Data (head not sufficiently frontal),False
2026-07-23T10:47:26,Insufficient Data,0.000,0.000,none,Insufficient Data (head not sufficiently frontal),False
2026-07-23T10:47:26,Insufficient Data,0.000,0.000,none,Insufficient Data (head not sufficiently frontal),False
2026-07-23T10:47:26,Insufficient Data,0.000,0.000,none,Insufficient Data (head not sufficiently frontal),False
2026-07-23T10:47:26,Insufficient Data,0.000,0.000,none,Insufficient Data (head not sufficiently frontal),False
2026-07-23T10:47:26,Insufficient Data,0.000,0.000,none,Insufficient Data (head not sufficiently frontal),False
2026-07-23T10:47:26,Insufficient Data,0.000,0.000,none,Insufficient Data (head not sufficiently frontal),False
2026-07-23T10:47:27,Insufficient Data,0.000,0.000,none,Insufficient Data (head not sufficiently frontal),False
2026-07-23T10:47:27,Insufficient Data,0.000,0.000,none,Insufficient Data (head not sufficiently frontal),False
2026-07-23T10:47:27,Insufficient Data,0.000,0.000,none,Insufficient Data (head not sufficiently frontal),False
2026-07-23T10:47:27,Insufficient Data,0.000,0.000,none,Insufficient Data (head not sufficiently frontal),False
2026-07-23T10:47:27,Insufficient Data,0.000,0.000,none,Insufficient Data (head not sufficiently frontal),False
2026-07-23T10:47:27,Insufficient Data,0.000,0.000,none,Insufficient Data (head not sufficiently frontal),False
2026-07-23T10:47:27,Insufficient Data,0.000,0.000,none,Insufficient Data (head not sufficiently frontal),False
2026-07-23T10:47:27,Insufficient Data,0.000,0.000,none,Insufficient Data (head not sufficiently frontal),False
2026-07-23T10:47:27,Insufficient Data,0.000,0.000,none,Insufficient Data (head not sufficiently frontal),False
2026-07-23T10:47:27,Insufficient Data,0.000,0.000,none,Insufficient Data (head not sufficiently frontal),False
2026-07-23T10:47:27,Insufficient Data,0.000,0.000,none,Insufficient Data (head not sufficiently frontal),False
2026-07-23T10:47:27,Insufficient Data,0.000,0.000,none,Insufficient Data (head not sufficiently frontal),False
2026-07-23T10:47:28,Insufficient Data,0.000,0.000,none,Insufficient Data (head not sufficiently frontal),False
2026-07-23T10:47:28,Insufficient Data,0.000,0.000,none,Insufficient Data (head not sufficiently frontal),False
2026-07-23T10:47:28,Insufficient Data,0.000,0.000,none,Insufficient Data (head not sufficiently frontal),False
2026-07-23T10:47:28,Insufficient Data,0.000,0.000,none,Insufficient Data (head not sufficiently frontal),False
2026-07-23T10:47:28,Insufficient Data,0.000,0.000,none,Insufficient Data (head not sufficiently frontal),False
2026-07-23T10:47:28,Insufficient Data,0.000,0.000,none,Insufficient Data (head not sufficiently frontal),False
2026-07-23T10:47:28,Insufficient Data,0.000,0.000,none,Insufficient Data (head not sufficiently frontal),False
2026-07-23T10:47:28,Insufficient Data,0.000,0.000,none,Insufficient Data (head not sufficiently frontal),False
2026-07-23T10:47:28,Insufficient Data,0.000,0.000,none,Insufficient Data (head not sufficiently frontal),False
2026-07-23T10:47:28,Insufficient Data,0.000,0.000,none,Insufficient Data (head not sufficiently frontal),False
2026-07-23T10:47:28,Insufficient Data,0.000,0.000,none,Insufficient Data (head not sufficiently frontal),False
2026-07-23T10:47:28,Insufficient Data,0.000,0.000,none,Insufficient Data (head not sufficiently frontal),False
2026-07-23T10:47:29,Insufficient Data,0.000,0.000,none,Insufficient Data (head not sufficiently frontal),False
2026-07-23T10:47:29,Insufficient Data,0.000,0.000,none,Insufficient Data (head not sufficiently frontal),False
2026-07-23T10:47:29,Insufficient Data,0.000,0.000,none,Insufficient Data (head not sufficiently frontal),False
2026-07-23T10:47:29,Insufficient Data,0.000,0.000,none,Insufficient Data (head not sufficiently frontal),False
2026-07-23T10:47:29,Insufficient Data,0.000,0.000,none,Insufficient Data (head not sufficiently frontal),False
2026-07-23T10:47:29,Insufficient Data,0.000,0.000,none,Insufficient Data (head not sufficiently frontal),False
2026-07-23T10:47:29,Insufficient Data,0.000,0.000,none,Insufficient Data (head not sufficiently frontal),False
2026-07-23T10:47:29,Insufficient Data,0.000,0.000,none,Insufficient Data (head not sufficiently frontal),False
2026-07-23T10:47:29,Insufficient Data,0.000,0.000,none,Insufficient Data (head not sufficiently frontal),False
2026-07-23T10:47:29,Insufficient Data,0.000,0.000,none,Insufficient Data (head not sufficiently frontal),False
2026-07-23T10:47:29,Insufficient Data,0.000,0.000,none,Insufficient Data (head not sufficiently frontal),False
2026-07-23T10:47:30,Insufficient Data,0.000,0.000,none,Insufficient Data (head not sufficiently frontal),False
2026-07-23T10:47:30,Insufficient Data,0.000,0.000,none,Insufficient Data (head not sufficiently frontal),False
2026-07-23T10:47:30,Insufficient Data,0.000,0.000,none,Insufficient Data (head not sufficiently frontal),False
2026-07-23T10:47:30,Insufficient Data,0.000,0.000,none,Insufficient Data (head not sufficiently frontal),False
2026-07-23T10:47:30,Insufficient Data,0.000,0.000,none,Insufficient Data (head not sufficiently frontal),False
2026-07-23T10:47:30,Insufficient Data,0.000,0.000,none,Insufficient Data (head not sufficiently frontal),False
2026-07-23T10:47:30,Insufficient Data,0.000,0.000,none,Insufficient Data (head not sufficiently frontal),False
2026-07-23T10:47:30,Insufficient Data,0.000,0.000,none,Insufficient Data (head not sufficiently frontal),False
2026-07-23T10:47:30,Insufficient Data,0.000,0.000,none,Insufficient Data (head not sufficiently frontal),False
2026-07-23T10:47:30,Insufficient Data,0.000,0.000,none,Insufficient Data (head not sufficiently frontal),False
2026-07-23T10:47:30,Insufficient Data,0.000,0.000,none,Insufficient Data (head not sufficiently frontal),False
2026-07-23T10:47:31,Insufficient Data,0.000,0.000,none,Insufficient Data (head not sufficiently frontal),False
2026-07-23T10:47:31,Insufficient Data,0.000,0.000,none,Insufficient Data (head not sufficiently frontal),False
2026-07-23T10:47:31,Insufficient Data,0.000,0.000,none,Insufficient Data (head not sufficiently frontal),False
2026-07-23T10:47:31,Insufficient Data,0.000,0.000,none,Insufficient Data (head not sufficiently frontal),False
2026-07-23T10:47:31,Insufficient Data,0.000,0.000,none,Insufficient Data (head not sufficiently frontal),False
2026-07-23T10:47:31,Insufficient Data,0.000,0.000,none,Insufficient Data (head not sufficiently frontal),False
2026-07-23T10:47:31,Insufficient Data,0.000,0.000,none,Insufficient Data (head not sufficiently frontal),False
2026-07-23T10:47:31,Insufficient Data,0.000,0.000,none,Insufficient Data (head not sufficiently frontal),False
2026-07-23T10:47:31,Insufficient Data,0.000,0.000,none,Insufficient Data (head not sufficiently frontal),False
2026-07-23T10:47:31,Insufficient Data,0.000,0.000,none,Insufficient Data (head not sufficiently frontal),False
2026-07-23T10:47:31,Insufficient Data,0.000,0.000,none,Insufficient Data (head not sufficiently frontal),False
2026-07-23T10:47:31,Insufficient Data,0.000,0.000,none,Insufficient Data (head not sufficiently frontal),False
2026-07-23T10:47:32,Insufficient Data,0.000,0.000,none,Insufficient Data (head not sufficiently frontal),False
2026-07-23T10:47:32,Insufficient Data,0.000,0.000,none,Insufficient Data (head not sufficiently frontal),False
2026-07-23T10:47:32,Insufficient Data,0.000,0.000,none,Insufficient Data (head not sufficiently frontal),False
2026-07-23T10:47:32,Insufficient Data,0.000,0.000,none,Insufficient Data (head not sufficiently frontal),False
2026-07-23T10:47:32,Insufficient Data,0.000,0.000,none,Insufficient Data (head not sufficiently frontal),False
2026-07-23T10:47:32,Insufficient Data,0.000,0.000,none,Insufficient Data (head not sufficiently frontal),False
2026-07-23T10:47:32,Insufficient Data,0.000,0.000,none,Insufficient Data (head not sufficiently frontal),False
2026-07-23T10:47:32,Insufficient Data,0.000,0.000,none,Insufficient Data (head not sufficiently frontal),False
2026-07-23T10:47:32,Insufficient Data,0.000,0.000,none,Insufficient Data (head not sufficiently frontal),False
2026-07-23T10:47:32,Insufficient Data,0.000,0.000,none,Insufficient Data (head not sufficiently frontal),False
2026-07-23T10:47:33,Insufficient Data,0.000,0.000,none,Insufficient Data (head not sufficiently frontal),False
2026-07-23T10:47:33,Insufficient Data,0.000,0.000,none,Insufficient Data (head not sufficiently frontal),False
2026-07-23T10:47:33,Insufficient Data,0.000,0.000,none,Insufficient Data (head not sufficiently frontal),False
2026-07-23T10:47:33,Insufficient Data,0.000,0.000,none,Insufficient Data (head not sufficiently frontal),False
2026-07-23T10:47:33,Insufficient Data,0.000,0.000,none,Insufficient Data (head not sufficiently frontal),False
2026-07-23T10:47:33,Insufficient Data,0.000,0.000,none,Insufficient Data (head not sufficiently frontal),False
2026-07-23T10:47:33,Insufficient Data,0.000,0.000,none,Insufficient Data (head not sufficiently frontal),False
2026-07-23T10:47:33,Insufficient Data,0.000,0.000,none,Insufficient Data (head not sufficiently frontal),False
2026-07-23T10:47:33,Insufficient Data,0.000,0.000,none,Insufficient Data (head not sufficiently frontal),False
2026-07-23T10:47:33,Insufficient Data,0.000,0.000,none,Insufficient Data (head not sufficiently frontal),False
2026-07-23T10:47:33,Insufficient Data,0.000,0.000,none,Insufficient Data (head not sufficiently frontal),False
2026-07-23T10:47:33,Insufficient Data,0.000,0.000,none,Insufficient Data (head not sufficiently frontal),False
2026-07-23T10:47:34,Insufficient Data,0.000,0.000,none,Insufficient Data (head not sufficiently frontal),False
2026-07-23T10:47:34,Insufficient Data,0.000,0.000,none,Insufficient Data (head not sufficiently frontal),False
2026-07-23T10:47:34,Insufficient Data,0.000,0.000,none,Insufficient Data (head not sufficiently frontal),False
2026-07-23T10:47:34,Insufficient Data,0.000,0.000,none,Insufficient Data (head not sufficiently frontal),False
2026-07-23T10:47:34,Insufficient Data,0.000,0.000,none,Insufficient Data (head not sufficiently frontal),False
2026-07-23T10:47:34,Insufficient Data,0.000,0.000,none,Insufficient Data (head not sufficiently frontal),False
2026-07-23T10:47:34,Insufficient Data,0.000,0.000,none,Insufficient Data (head not sufficiently frontal),False
2026-07-23T10:47:34,Insufficient Data,0.000,0.000,none,Insufficient Data (head not sufficiently frontal),False
2026-07-23T10:47:34,Insufficient Data,0.000,0.000,none,Insufficient Data (head not sufficiently frontal),False
2026-07-23T10:47:34,Insufficient Data,0.000,0.000,none,Insufficient Data (head not sufficiently frontal),False
2026-07-23T10:47:34,Insufficient Data,0.000,0.000,none,Insufficient Data (head not sufficiently frontal),False
2026-07-23T10:47:35,Insufficient Data,0.000,0.000,none,Insufficient Data (head not sufficiently frontal),False
2026-07-23T10:47:35,Insufficient Data,0.000,0.000,none,Insufficient Data (head not sufficiently frontal),False
2026-07-23T10:47:35,Insufficient Data,0.000,0.000,none,Insufficient Data (head not sufficiently frontal),False
2026-07-23T10:47:35,Insufficient Data,0.000,0.000,none,Insufficient Data (head not sufficiently frontal),False
2026-07-23T10:47:35,Insufficient Data,0.000,0.000,none,Insufficient Data (head not sufficiently frontal),False
2026-07-23T10:47:35,Insufficient Data,0.000,0.000,none,Insufficient Data (head not sufficiently frontal),False
2026-07-23T10:47:35,Insufficient Data,0.000,0.000,none,Insufficient Data (head not sufficiently frontal),False
2026-07-23T10:47:35,Insufficient Data,0.000,0.000,none,Insufficient Data (head not sufficiently frontal),False
2026-07-23T10:47:35,Insufficient Data,0.000,0.000,none,Insufficient Data (head not sufficiently frontal),False
2026-07-23T10:47:35,Insufficient Data,0.000,0.000,none,Insufficient Data (head not sufficiently frontal),False
2026-07-23T10:47:36,Insufficient Data,0.000,0.000,none,Insufficient Data (head not sufficiently frontal),False
2026-07-23T10:47:36,Insufficient Data,0.000,0.000,none,Insufficient Data (head not sufficiently frontal),False
2026-07-23T10:47:36,Insufficient Data,0.000,0.000,none,Insufficient Data (head not sufficiently frontal),False
2026-07-23T10:47:36,Insufficient Data,0.000,0.000,none,Insufficient Data (head not sufficiently frontal),False
2026-07-23T10:47:36,Insufficient Data,0.000,0.000,none,Insufficient Data (head not sufficiently frontal),False
2026-07-23T10:47:36,Insufficient Data,0.000,0.000,none,Insufficient Data (head not sufficiently frontal),False
2026-07-23T10:47:36,Insufficient Data,0.000,0.000,none,Insufficient Data (head not sufficiently frontal),False
2026-07-23T10:47:36,Insufficient Data,0.000,0.000,none,Insufficient Data (head not sufficiently frontal),False
2026-07-23T10:47:36,Insufficient Data,0.000,0.000,none,Insufficient Data (head not sufficiently frontal),False
2026-07-23T10:47:36,Insufficient Data,0.000,0.000,none,Insufficient Data (head not sufficiently frontal),False
2026-07-23T10:47:37,Insufficient Data,0.000,0.000,none,Insufficient Data (head not sufficiently frontal),False
2026-07-23T10:47:37,Insufficient Data,0.000,0.000,none,Insufficient Data (head not sufficiently frontal),False
2026-07-23T10:47:37,Insufficient Data,0.000,0.000,none,Insufficient Data (head not sufficiently frontal),False
2026-07-23T10:47:37,Insufficient Data,0.000,0.000,none,Insufficient Data (head not sufficiently frontal),False
2026-07-23T10:47:37,Insufficient Data,0.000,0.000,none,Insufficient Data (head not sufficiently frontal),False
2026-07-23T10:47:37,Insufficient Data,0.000,0.000,none,Insufficient Data (head not sufficiently frontal),False
2026-07-23T10:47:37,Insufficient Data,0.000,0.000,none,Insufficient Data (head not sufficiently frontal),False
2026-07-23T10:47:37,Insufficient Data,0.000,0.000,none,Insufficient Data (head not sufficiently frontal),False
2026-07-23T10:47:37,Insufficient Data,0.000,0.000,none,Insufficient Data (head not sufficiently frontal),False
2026-07-23T10:47:37,Insufficient Data,0.000,0.000,none,Insufficient Data (head not sufficiently frontal),False
2026-07-23T10:47:37,Insufficient Data,0.000,0.000,none,Insufficient Data (head not sufficiently frontal),False
2026-07-23T10:47:38,Insufficient Data,0.000,0.000,none,Insufficient Data (head not sufficiently frontal),False
2026-07-23T10:47:38,Insufficient Data,0.000,0.000,none,Insufficient Data (head not sufficiently frontal),False
2026-07-23T10:47:38,Insufficient Data,0.000,0.000,none,Insufficient Data (head not sufficiently frontal),False
2026-07-23T10:47:38,Insufficient Data,0.000,0.000,none,Insufficient Data (head not sufficiently frontal),False
2026-07-23T10:47:38,Insufficient Data,0.000,0.000,none,Insufficient Data (head not sufficiently frontal),False
2026-07-23T10:47:38,Insufficient Data,0.000,0.000,none,Insufficient Data (head not sufficiently frontal),False
2026-07-23T10:47:38,Insufficient Data,0.000,0.000,none,Insufficient Data (head not sufficiently frontal),False
2026-07-23T10:47:38,Insufficient Data,0.000,0.000,none,Insufficient Data (head not sufficiently frontal),False
2026-07-23T10:47:38,Insufficient Data,0.000,0.000,none,Insufficient Data (head not sufficiently frontal),False
2026-07-23T10:47:38,Insufficient Data,0.000,0.000,none,Insufficient Data (head not sufficiently frontal),False
2026-07-23T10:47:38,Insufficient Data,0.000,0.000,none,Insufficient Data (head not sufficiently frontal),False
2026-07-23T10:47:39,Insufficient Data,0.000,0.000,none,Insufficient Data (head not sufficiently frontal),False
2026-07-23T10:47:39,Insufficient Data,0.000,0.000,none,Insufficient Data (head not sufficiently frontal),False
2026-07-23T10:47:39,Insufficient Data,0.000,0.000,none,Insufficient Data (head not sufficiently frontal),False
2026-07-23T10:47:39,Insufficient Data,0.000,0.000,none,Insufficient Data (head not sufficiently frontal),False
2026-07-23T10:47:39,Insufficient Data,0.000,0.000,none,Insufficient Data (head not sufficiently frontal),False
2026-07-23T10:47:39,Insufficient Data,0.000,0.000,none,Insufficient Data (head not sufficiently frontal),False
2026-07-23T10:47:39,Insufficient Data,0.000,0.000,none,Insufficient Data (head not sufficiently frontal),False
2026-07-23T10:47:39,Insufficient Data,0.000,0.000,none,Insufficient Data (head not sufficiently frontal),False
2026-07-23T10:47:39,Insufficient Data,0.000,0.000,none,Insufficient Data (head not sufficiently frontal),False
2026-07-23T10:47:39,Insufficient Data,0.000,0.000,none,Insufficient Data (head not sufficiently frontal),False
2026-07-23T10:47:39,Insufficient Data,0.000,0.000,none,Insufficient Data (head not sufficiently frontal),False
2026-07-23T10:47:39,Insufficient Data,0.000,0.000,none,Insufficient Data (head not sufficiently frontal),False
2026-07-23T10:47:40,Insufficient Data,0.000,0.000,none,Insufficient Data (head not sufficiently frontal),False
2026-07-23T10:47:40,Insufficient Data,0.000,0.000,none,Insufficient Data (head not sufficiently frontal),False
2026-07-23T10:47:40,Insufficient Data,0.000,0.000,none,Insufficient Data (head not sufficiently frontal),False
2026-07-23T10:47:40,Insufficient Data,0.000,0.000,none,Insufficient Data (head not sufficiently frontal),False
2026-07-23T10:47:40,Insufficient Data,0.000,0.000,none,Insufficient Data (head not sufficiently frontal),False
2026-07-23T10:47:40,Insufficient Data,0.000,0.000,none,Insufficient Data (head not sufficiently frontal),False
2026-07-23T10:47:40,Insufficient Data,0.000,0.000,none,Insufficient Data (head not sufficiently frontal),False
2026-07-23T10:47:40,Insufficient Data,0.000,0.000,none,Insufficient Data (head not sufficiently frontal),False
2026-07-23T10:47:40,Insufficient Data,0.000,0.000,none,Insufficient Data (head not sufficiently frontal),False
2026-07-23T10:47:40,Insufficient Data,0.000,0.000,none,Insufficient Data (head not sufficiently frontal),False
2026-07-23T10:47:40,Insufficient Data,0.000,0.000,none,Insufficient Data (head not sufficiently frontal),False
2026-07-23T10:47:40,Insufficient Data,0.000,0.000,none,Insufficient Data (head not sufficiently frontal),False
2026-07-23T10:47:41,Insufficient Data,0.000,0.000,none,Insufficient Data (head not sufficiently frontal),False
2026-07-23T10:47:41,Insufficient Data,0.000,0.000,none,Insufficient Data (head not sufficiently frontal),False
2026-07-23T10:47:41,Insufficient Data,0.000,0.000,none,Insufficient Data (head not sufficiently frontal),False
2026-07-23T10:47:41,Insufficient Data,0.000,0.000,none,Insufficient Data (head not sufficiently frontal),False
2026-07-23T10:47:41,Insufficient Data,0.000,0.000,none,Insufficient Data (head not sufficiently frontal),False
2026-07-23T10:47:41,Insufficient Data,0.000,0.000,none,Insufficient Data (head not sufficiently frontal),False
2026-07-23T10:47:41,Insufficient Data,0.000,0.000,none,Insufficient Data (head not sufficiently frontal),False
2026-07-23T10:47:41,Insufficient Data,0.000,0.000,none,Insufficient Data (head not sufficiently frontal),False
2026-07-23T10:47:41,Insufficient Data,0.000,0.000,none,Insufficient Data (head not sufficiently frontal),False
2026-07-23T10:47:41,Insufficient Data,0.000,0.000,none,Insufficient Data (head not sufficiently frontal),False
2026-07-23T10:47:41,Insufficient Data,0.000,0.000,none,Insufficient Data (head not sufficiently frontal),False
2026-07-23T10:47:41,Insufficient Data,0.000,0.000,none,Insufficient Data (head not sufficiently frontal),False
2026-07-23T10:47:42,Insufficient Data,0.000,0.000,none,Insufficient Data (head not sufficiently frontal),False
2026-07-23T10:47:42,Insufficient Data,0.000,0.000,none,Insufficient Data (head not sufficiently frontal),False
2026-07-23T10:47:42,Insufficient Data,0.000,0.000,none,Insufficient Data (head not sufficiently frontal),False
2026-07-23T10:47:42,Insufficient Data,0.000,0.000,none,Insufficient Data (head not sufficiently frontal),False
2026-07-23T10:47:42,Insufficient Data,0.000,0.000,none,Insufficient Data (head not sufficiently frontal),False
2026-07-23T10:47:42,Insufficient Data,0.000,0.000,none,Insufficient Data (head not sufficiently frontal),False
2026-07-23T10:47:42,Insufficient Data,0.000,0.000,none,Insufficient Data (head not sufficiently frontal),False
2026-07-23T10:47:42,Insufficient Data,0.000,0.000,none,Insufficient Data (head not sufficiently frontal),False
2026-07-23T10:47:42,Insufficient Data,0.000,0.000,none,Insufficient Data (head not sufficiently frontal),False
2026-07-23T10:47:42,Insufficient Data,0.000,0.000,none,Insufficient Data (head not sufficiently frontal),False
2026-07-23T10:47:42,Insufficient Data,0.000,0.000,none,Insufficient Data (head not sufficiently frontal),False
2026-07-23T10:47:42,Insufficient Data,0.000,0.000,none,Insufficient Data (head not sufficiently frontal),False
2026-07-23T10:47:43,Insufficient Data,0.000,0.000,none,Insufficient Data (head not sufficiently frontal),False
2026-07-23T10:47:43,Insufficient Data,0.000,0.000,none,Insufficient Data (head not sufficiently frontal),False
2026-07-23T10:47:43,Insufficient Data,0.000,0.000,none,Insufficient Data (head not sufficiently frontal),False
2026-07-23T10:47:43,Insufficient Data,0.000,0.000,none,Insufficient Data (head not sufficiently frontal),False
2026-07-23T10:47:43,Insufficient Data,0.000,0.000,none,Insufficient Data (head not sufficiently frontal),False
2026-07-23T10:47:43,Insufficient Data,0.000,0.000,none,Insufficient Data (head not sufficiently frontal),False
2026-07-23T10:47:43,Insufficient Data,0.000,0.000,none,Insufficient Data (head not sufficiently frontal),False
2026-07-23T10:47:43,Insufficient Data,0.000,0.000,none,Insufficient Data (head not sufficiently frontal),False
2026-07-23T10:47:43,Insufficient Data,0.000,0.000,none,Insufficient Data (head not sufficiently frontal),False
2026-07-23T10:47:43,Insufficient Data,0.000,0.000,none,Insufficient Data (head not sufficiently frontal),False
2026-07-23T10:47:43,Insufficient Data,0.000,0.000,none,Insufficient Data (head not sufficiently frontal),False
2026-07-23T10:47:44,Insufficient Data,0.000,0.000,none,Insufficient Data (head not sufficiently frontal),False
2026-07-23T10:47:44,Insufficient Data,0.000,0.000,none,Insufficient Data (head not sufficiently frontal),False
2026-07-23T10:47:44,Insufficient Data,0.000,0.000,none,Insufficient Data (head not sufficiently frontal),False
2026-07-23T10:47:44,Insufficient Data,0.000,0.000,none,Insufficient Data (head not sufficiently frontal),False
2026-07-23T10:47:44,Insufficient Data,0.000,0.000,none,Insufficient Data (head not sufficiently frontal),False
2026-07-23T10:47:44,Insufficient Data,0.000,0.000,none,Insufficient Data (head not sufficiently frontal),False
2026-07-23T10:47:44,Insufficient Data,0.000,0.000,none,Insufficient Data (head not sufficiently frontal),False
2026-07-23T10:47:44,Insufficient Data,0.000,0.000,none,Insufficient Data (head not sufficiently frontal),False
2026-07-23T10:47:44,Insufficient Data,0.000,0.000,none,Insufficient Data (head not sufficiently frontal),False
2026-07-23T10:47:44,Insufficient Data,0.000,0.000,none,Insufficient Data (head not sufficiently frontal),False
2026-07-23T10:47:44,Insufficient Data,0.000,0.000,none,Insufficient Data (head not sufficiently frontal),False
2026-07-23T10:47:45,Insufficient Data,0.000,0.000,none,Insufficient Data (head not sufficiently frontal),False
2026-07-23T10:47:45,Insufficient Data,0.000,0.000,none,Insufficient Data (head not sufficiently frontal),False
2026-07-23T10:47:45,Insufficient Data,0.000,0.000,none,Insufficient Data (head not sufficiently frontal),False
2026-07-23T10:47:45,Insufficient Data,0.000,0.000,none,Insufficient Data (head not sufficiently frontal),False
2026-07-23T10:47:45,Insufficient Data,0.000,0.000,none,Insufficient Data (head not sufficiently frontal),False
2026-07-23T10:47:45,Insufficient Data,0.000,0.000,none,Insufficient Data (head not sufficiently frontal),False
2026-07-23T10:47:45,Insufficient Data,0.000,0.000,none,Insufficient Data (head not sufficiently frontal),False
2026-07-23T10:47:45,Insufficient Data,0.000,0.000,none,Insufficient Data (head not sufficiently frontal),False
2026-07-23T10:47:45,Insufficient Data,0.000,0.000,none,Insufficient Data (head not sufficiently frontal),False
2026-07-23T10:47:45,Insufficient Data,0.000,0.000,none,Insufficient Data (head not sufficiently frontal),False
2026-07-23T10:47:45,Insufficient Data,0.000,0.000,none,Insufficient Data (head not sufficiently frontal),False
2026-07-23T10:47:45,Insufficient Data,0.000,0.000,none,Insufficient Data (head not sufficiently frontal),False
2026-07-23T10:47:46,Insufficient Data,0.000,0.000,none,Insufficient Data (head not sufficiently frontal),False
2026-07-23T10:47:46,Insufficient Data,0.000,0.000,none,Insufficient Data (head not sufficiently frontal),False
2026-07-23T10:47:46,Insufficient Data,0.000,0.000,none,Insufficient Data (head not sufficiently frontal),False
2026-07-23T10:47:46,Insufficient Data,0.000,0.000,none,Insufficient Data (head not sufficiently frontal),False
2026-07-23T10:47:46,Insufficient Data,0.000,0.000,none,Insufficient Data (head not sufficiently frontal),False
2026-07-23T10:47:46,Insufficient Data,0.000,0.000,none,Insufficient Data (head not sufficiently frontal),False
2026-07-23T10:47:46,Insufficient Data,0.000,0.000,none,Insufficient Data (head not sufficiently frontal),False
2026-07-23T10:47:46,Insufficient Data,0.000,0.000,none,Insufficient Data (head not sufficiently frontal),False
2026-07-23T10:47:46,Insufficient Data,0.000,0.000,none,Insufficient Data (head not sufficiently frontal),False
2026-07-23T10:47:46,Insufficient Data,0.000,0.000,none,Insufficient Data (head not sufficiently frontal),False
2026-07-23T11:04:58,Not Drowsy,0.976,0.023,eye_closure+blink_duration+yawning+head_pose,Good,False
2026-07-23T11:04:58,Not Drowsy,0.991,0.009,eye_closure+blink_duration+yawning+head_pose,Good,False
2026-07-23T11:04:58,Not Drowsy,0.992,0.008,eye_closure+blink_duration+yawning+head_pose,Good,False
2026-07-23T11:04:58,Not Drowsy,0.992,0.008,eye_closure+blink_duration+yawning+head_pose,Good,False
2026-07-23T11:04:59,Not Drowsy,0.993,0.007,eye_closure+blink_duration+yawning+head_pose,Good,False
2026-07-23T11:04:59,Not Drowsy,0.992,0.008,eye_closure+blink_duration+yawning+head_pose,Good,False
2026-07-23T11:04:59,Not Drowsy,0.993,0.007,eye_closure+blink_duration+yawning+head_pose,Good,False
2026-07-23T11:04:59,Not Drowsy,0.994,0.006,eye_closure+blink_duration+yawning+head_pose,Good,False
2026-07-23T11:04:59,Not Drowsy,0.992,0.008,eye_closure+blink_duration+yawning+head_pose,Good,False
2026-07-23T11:05:00,Not Drowsy,0.990,0.010,eye_closure+blink_duration+yawning+head_pose,Good,False
2026-07-23T11:05:00,Not Drowsy,0.987,0.344,eye_closure+blink_duration+yawning+head_pose,Good,False
2026-07-23T11:05:00,Not Drowsy,0.983,0.017,eye_closure+blink_duration+yawning+head_pose,Good,False
2026-07-23T11:05:00,Not Drowsy,0.985,0.015,eye_closure+blink_duration+yawning+head_pose,Good,False
2026-07-23T11:05:01,Not Drowsy,0.987,0.013,eye_closure+blink_duration+yawning+head_pose,Good,False
2026-07-23T11:05:01,Not Drowsy,0.986,0.013,eye_closure+blink_duration+yawning+head_pose,Good,False
2026-07-23T11:05:01,Not Drowsy,0.987,0.012,eye_closure+blink_duration+yawning+head_pose,Good,False
2026-07-23T11:05:01,Not Drowsy,0.985,0.015,eye_closure+blink_duration+yawning+head_pose,Good,False
2026-07-23T11:05:02,Not Drowsy,0.981,0.019,eye_closure+blink_duration+yawning+head_pose,Good,False
2026-07-23T11:05:02,Not Drowsy,0.990,0.010,eye_closure+blink_duration+yawning+head_pose,Good,False
2026-07-23T11:05:02,Not Drowsy,0.993,0.007,eye_closure+blink_duration+yawning+head_pose,Good,False
2026-07-23T11:05:02,Not Drowsy,0.989,0.011,eye_closure+blink_duration+yawning+head_pose,Good,False
2026-07-23T11:05:02,Not Drowsy,0.992,0.008,eye_closure+blink_duration+yawning+head_pose,Good,False
2026-07-23T11:05:03,Not Drowsy,0.985,0.014,eye_closure+blink_duration+yawning+head_pose,Good,False
2026-07-23T11:05:03,Not Drowsy,0.982,0.018,eye_closure+blink_duration+yawning+head_pose,Good,False
2026-07-23T11:05:03,Not Drowsy,0.989,0.011,eye_closure+blink_duration+yawning+head_pose,Good,False
2026-07-23T11:05:03,Not Drowsy,0.989,0.011,eye_closure+blink_duration+yawning+head_pose,Good,False
2026-07-23T11:05:04,Not Drowsy,0.986,0.014,eye_closure+blink_duration+yawning+head_pose,Good,False
2026-07-23T11:05:04,Not Drowsy,0.983,0.017,eye_closure+blink_duration+yawning+head_pose,Good,False
2026-07-23T11:05:04,Not Drowsy,0.983,0.017,eye_closure+blink_duration+yawning+head_pose,Good,False
2026-07-23T11:05:04,Not Drowsy,0.984,0.016,eye_closure+blink_duration+yawning+head_pose,Good,False
2026-07-23T11:05:04,Not Drowsy,0.983,0.017,eye_closure+blink_duration+yawning+head_pose,Good,False
2026-07-23T11:05:05,Not Drowsy,0.988,0.012,eye_closure+blink_duration+yawning+head_pose,Good,False
2026-07-23T11:05:05,Not Drowsy,0.993,0.007,eye_closure+blink_duration+yawning+head_pose,Good,False
2026-07-23T11:05:05,Not Drowsy,0.990,0.010,eye_closure+blink_duration+yawning+head_pose,Good,False
2026-07-23T11:05:05,Not Drowsy,0.996,0.004,eye_closure+blink_duration+yawning+head_pose,Good,False
2026-07-23T11:05:06,Not Drowsy,0.993,0.007,eye_closure+blink_duration+yawning+head_pose,Good,False
2026-07-23T11:05:06,Not Drowsy,0.991,0.009,eye_closure+blink_duration+yawning+head_pose,Good,False
2026-07-23T11:05:06,Not Drowsy,0.990,0.010,eye_closure+blink_duration+yawning+head_pose,Good,False
2026-07-23T11:05:06,Not Drowsy,0.990,0.009,eye_closure+blink_duration+yawning+head_pose,Good,False
2026-07-23T11:05:07,Not Drowsy,0.991,0.009,eye_closure+blink_duration+yawning+head_pose,Good,False
2026-07-23T11:05:07,Not Drowsy,0.990,0.010,eye_closure+blink_duration+yawning+head_pose,Good,False
2026-07-23T11:05:07,Not Drowsy,0.990,0.010,eye_closure+blink_duration+yawning+head_pose,Good,False
2026-07-23T11:05:07,Not Drowsy,0.990,0.010,eye_closure+blink_duration+yawning+head_pose,Good,False
2026-07-23T11:05:07,Not Drowsy,0.989,0.011,eye_closure+blink_duration+yawning+head_pose,Good,False
2026-07-23T11:05:08,Not Drowsy,0.989,0.011,eye_closure+blink_duration+yawning+head_pose,Good,False
2026-07-23T11:05:08,Not Drowsy,0.989,0.011,eye_closure+blink_duration+yawning+head_pose,Good,False
2026-07-23T11:05:08,Not Drowsy,0.989,0.011,eye_closure+blink_duration+yawning+head_pose,Good,False
2026-07-23T11:05:08,Not Drowsy,0.989,0.011,eye_closure+blink_duration+yawning+head_pose,Good,False
2026-07-23T11:05:09,Not Drowsy,0.989,0.011,eye_closure+blink_duration+yawning+head_pose,Good,False
2026-07-23T11:05:09,Not Drowsy,0.989,0.011,eye_closure+blink_duration+yawning+head_pose,Good,False
2026-07-23T11:05:09,Not Drowsy,0.989,0.011,eye_closure+blink_duration+yawning+head_pose,Good,False
2026-07-23T11:05:09,Not Drowsy,0.989,0.011,eye_closure+blink_duration+yawning+head_pose,Good,False
2026-07-23T11:05:09,Not Drowsy,0.989,0.011,eye_closure+blink_duration+yawning+head_pose,Good,False
2026-07-23T11:05:10,Not Drowsy,0.989,0.011,eye_closure+blink_duration+yawning+head_pose,Good,False
2026-07-23T11:05:10,Not Drowsy,0.989,0.011,eye_closure+blink_duration+yawning+head_pose,Good,False
2026-07-23T11:05:10,Not Drowsy,0.989,0.011,eye_closure+blink_duration+yawning+head_pose,Good,False
2026-07-23T11:05:10,Not Drowsy,0.989,0.011,eye_closure+blink_duration+yawning+head_pose,Good,False
2026-07-23T11:05:11,Not Drowsy,0.989,0.011,eye_closure+blink_duration+yawning+head_pose,Good,False
2026-07-23T11:05:11,Not Drowsy,0.989,0.011,eye_closure+blink_duration+yawning+head_pose,Good,False
2026-07-23T11:05:11,Not Drowsy,0.989,0.011,eye_closure+blink_duration+yawning+head_pose,Good,False
2026-07-23T11:05:11,Not Drowsy,0.989,0.011,eye_closure+blink_duration+yawning+head_pose,Good,False
2026-07-23T11:05:11,Not Drowsy,0.989,0.011,eye_closure+blink_duration+yawning+head_pose,Good,False
2026-07-23T11:05:12,Not Drowsy,0.989,0.011,eye_closure+blink_duration+yawning+head_pose,Good,False
2026-07-23T11:05:12,Not Drowsy,0.989,0.011,eye_closure+blink_duration+yawning+head_pose,Good,False
2026-07-23T11:05:12,Not Drowsy,0.987,0.013,eye_closure+blink_duration+yawning+head_pose,Good,False
2026-07-23T11:05:12,Not Drowsy,0.983,0.017,eye_closure+blink_duration+yawning+head_pose,Good,False
2026-07-23T11:05:13,Not Drowsy,0.980,0.020,eye_closure+blink_duration+yawning+head_pose,Good,False
2026-07-23T11:05:13,Not Drowsy,0.975,0.024,eye_closure+blink_duration+yawning+head_pose,Good,False
2026-07-23T11:05:13,Not Drowsy,0.974,0.355,eye_closure+blink_duration+yawning+head_pose,Good,False
2026-07-23T11:05:13,Not Drowsy,1.000,0.000,eye_closure+blink_duration+yawning+head_pose,Good,False
2026-07-23T11:05:13,Not Drowsy,1.000,0.000,eye_closure+blink_duration+yawning+head_pose,Good,False
2026-07-23T11:05:14,Not Drowsy,1.000,0.000,eye_closure+blink_duration+yawning+head_pose,Good,False
2026-07-23T11:05:14,Not Drowsy,1.000,0.000,eye_closure+blink_duration+yawning+head_pose,Good,False
2026-07-23T11:05:14,Not Drowsy,1.000,0.000,eye_closure+blink_duration+yawning+head_pose,Good,False
2026-07-23T11:05:14,Not Drowsy,1.000,0.000,eye_closure+blink_duration+yawning+head_pose,Good,False
2026-07-23T11:05:15,Not Drowsy,1.000,0.000,eye_closure+blink_duration+yawning+head_pose,Good,False
2026-07-23T11:05:15,Not Drowsy,1.000,0.000,eye_closure+blink_duration+yawning+head_pose,Good,False
2026-07-23T11:05:15,Not Drowsy,1.000,0.000,eye_closure+blink_duration+yawning+head_pose,Good,False
2026-07-23T11:05:15,Not Drowsy,1.000,0.000,eye_closure+blink_duration+yawning+head_pose,Good,False
2026-07-23T11:05:15,Not Drowsy,1.000,0.000,eye_closure+blink_duration+yawning+head_pose,Good,False
2026-07-23T11:05:16,Not Drowsy,1.000,0.000,eye_closure+blink_duration+yawning+head_pose,Good,False
2026-07-23T11:05:16,Not Drowsy,0.999,0.001,eye_closure+blink_duration+yawning+head_pose,Good,False
2026-07-23T11:06:54,Not Drowsy,0.998,0.002,eye_closure+blink_duration+yawning+head_pose,Good,False
2026-07-23T11:06:55,Not Drowsy,0.994,0.338,eye_closure+blink_duration+yawning+head_pose,Good,False
2026-07-23T11:06:55,Not Drowsy,0.996,0.337,eye_closure+blink_duration+yawning+head_pose,Good,False
2026-07-23T11:06:55,Not Drowsy,0.997,0.336,eye_closure+blink_duration+yawning+head_pose,Good,False
2026-07-23T11:06:55,Not Drowsy,0.995,0.338,eye_closure+blink_duration+yawning+head_pose,Good,False
2026-07-23T11:06:56,Not Drowsy,0.996,0.336,eye_closure+blink_duration+yawning+head_pose,Good,False
2026-07-23T11:06:56,Not Drowsy,0.997,0.336,eye_closure+blink_duration+yawning+head_pose,Good,False
2026-07-23T11:06:56,Not Drowsy,0.989,0.342,eye_closure+blink_duration+yawning+head_pose,Good,False
2026-07-23T11:06:56,Not Drowsy,0.979,0.351,eye_closure+blink_duration+yawning+head_pose,Good,False
2026-07-23T11:06:56,Not Drowsy,0.979,0.351,eye_closure+blink_duration+yawning+head_pose,Good,False
2026-07-23T11:06:57,Not Drowsy,0.978,0.351,eye_closure+blink_duration+yawning+head_pose,Good,False
2026-07-23T11:06:57,Not Drowsy,0.979,0.351,eye_closure+blink_duration+yawning+head_pose,Good,False
2026-07-23T11:06:57,Not Drowsy,0.976,0.353,eye_closure+blink_duration+yawning+head_pose,Good,False
2026-07-23T11:06:57,Not Drowsy,0.973,0.356,eye_closure+blink_duration+yawning+head_pose,Good,False
2026-07-23T11:06:57,Not Drowsy,0.974,0.354,eye_closure+blink_duration+yawning+head_pose,Good,False
2026-07-23T11:06:58,Not Drowsy,0.975,0.354,eye_closure+blink_duration+yawning+head_pose,Good,False
2026-07-23T11:06:58,Not Drowsy,0.976,0.353,eye_closure+blink_duration+yawning+head_pose,Good,False
2026-07-23T11:06:58,Not Drowsy,0.976,0.353,eye_closure+blink_duration+yawning+head_pose,Good,False
2026-07-23T11:06:58,Not Drowsy,0.976,0.353,eye_closure+blink_duration+yawning+head_pose,Good,False
2026-07-23T11:06:58,Not Drowsy,0.975,0.353,eye_closure+blink_duration+yawning+head_pose,Good,False
2026-07-23T11:06:59,Not Drowsy,0.976,0.353,eye_closure+blink_duration+yawning+head_pose,Good,False
2026-07-23T11:06:59,Not Drowsy,0.975,0.354,eye_closure+blink_duration+yawning+head_pose,Good,False
2026-07-23T11:06:59,Not Drowsy,0.975,0.354,eye_closure+blink_duration+yawning+head_pose,Good,False
2026-07-23T11:06:59,Not Drowsy,0.975,0.354,eye_closure+blink_duration+yawning+head_pose,Good,False
2026-07-23T11:06:59,Not Drowsy,0.975,0.354,eye_closure+blink_duration+yawning+head_pose,Good,False
2026-07-23T11:07:00,Not Drowsy,0.976,0.353,eye_closure+blink_duration+yawning+head_pose,Good,False
2026-07-23T11:07:00,Not Drowsy,0.976,0.353,eye_closure+blink_duration+yawning+head_pose,Good,False
2026-07-23T11:07:00,Not Drowsy,0.975,0.354,eye_closure+blink_duration+yawning+head_pose,Good,False
2026-07-23T11:07:00,Not Drowsy,0.975,0.024,eye_closure+blink_duration+yawning+head_pose,Good,False
2026-07-23T11:07:00,Not Drowsy,0.976,0.024,eye_closure+blink_duration+yawning+head_pose,Good,False
2026-07-23T11:07:01,Not Drowsy,0.978,0.351,eye_closure+blink_duration+yawning+head_pose,Good,False
2026-07-23T11:07:01,Not Drowsy,0.976,0.353,eye_closure+blink_duration+yawning+head_pose,Good,False
2026-07-23T11:07:01,Not Drowsy,0.976,0.024,eye_closure+blink_duration+yawning+head_pose,Good,False
2026-07-23T11:07:01,Not Drowsy,0.977,0.352,eye_closure+blink_duration+yawning+head_pose,Good,False
2026-07-23T11:07:01,Not Drowsy,0.975,0.354,eye_closure+blink_duration+yawning+head_pose,Good,False
2026-07-23T11:07:02,Not Drowsy,0.975,0.025,eye_closure+blink_duration+yawning+head_pose,Good,False
2026-07-23T11:07:02,Not Drowsy,0.976,0.024,eye_closure+blink_duration+yawning+head_pose,Good,False
2026-07-23T11:07:02,Not Drowsy,0.977,0.023,eye_closure+blink_duration+yawning+head_pose,Good,False
2026-07-23T11:07:02,Not Drowsy,0.976,0.024,eye_closure+blink_duration+yawning+head_pose,Good,False
2026-07-23T11:07:03,Not Drowsy,0.977,0.023,eye_closure+blink_duration+yawning+head_pose,Good,False
2026-07-23T11:07:03,Not Drowsy,0.978,0.022,eye_closure+blink_duration+yawning+head_pose,Good,False
2026-07-23T11:07:03,Not Drowsy,0.978,0.022,eye_closure+blink_duration+yawning+head_pose,Good,False
2026-07-23T11:07:03,Not Drowsy,0.978,0.022,eye_closure+blink_duration+yawning+head_pose,Good,False
2026-07-23T11:07:03,Not Drowsy,0.978,0.022,eye_closure+blink_duration+yawning+head_pose,Good,False
2026-07-23T11:07:04,Not Drowsy,0.978,0.022,eye_closure+blink_duration+yawning+head_pose,Good,False
2026-07-23T11:07:04,Not Drowsy,0.978,0.022,eye_closure+blink_duration+yawning+head_pose,Good,False
2026-07-23T11:07:04,Not Drowsy,0.979,0.021,eye_closure+blink_duration+yawning+head_pose,Good,False
2026-07-23T11:07:04,Not Drowsy,0.981,0.019,eye_closure+blink_duration+yawning+head_pose,Good,False
2026-07-23T11:07:04,Not Drowsy,0.981,0.018,eye_closure+blink_duration+yawning+head_pose,Good,False
2026-07-23T11:07:05,Not Drowsy,0.980,0.020,eye_closure+blink_duration+yawning+head_pose,Good,False
2026-07-23T11:07:05,Not Drowsy,0.981,0.019,eye_closure+blink_duration+yawning+head_pose,Good,False
2026-07-23T11:07:05,Not Drowsy,0.981,0.019,eye_closure+blink_duration+yawning+head_pose,Good,False
2026-07-23T11:07:05,Not Drowsy,0.980,0.020,eye_closure+blink_duration+yawning+head_pose,Good,False
2026-07-23T11:07:06,Not Drowsy,0.980,0.019,eye_closure+blink_duration+yawning+head_pose,Good,False
2026-07-23T11:07:06,Not Drowsy,0.979,0.021,eye_closure+blink_duration+yawning+head_pose,Good,False
2026-07-23T11:07:06,Not Drowsy,0.980,0.020,eye_closure+blink_duration+yawning+head_pose,Good,False
2026-07-23T11:07:06,Not Drowsy,0.981,0.019,eye_closure+blink_duration+yawning+head_pose,Good,False
2026-07-23T11:07:06,Not Drowsy,0.979,0.021,eye_closure+blink_duration+yawning+head_pose,Good,False
2026-07-23T11:07:07,Not Drowsy,0.978,0.021,eye_closure+blink_duration+yawning+head_pose,Good,False
2026-07-23T11:07:07,Not Drowsy,0.979,0.021,eye_closure+blink_duration+yawning+head_pose,Good,False
2026-07-23T13:36:34,Not Drowsy,0.983,0.017,eye_closure+blink_duration+yawning+head_pose,Good,False
2026-07-23T13:36:35,Not Drowsy,0.994,0.006,eye_closure+blink_duration+yawning+head_pose,Good,False
2026-07-23T13:36:35,Not Drowsy,0.972,0.027,eye_closure+blink_duration+yawning+head_pose,Good,False
2026-07-23T13:36:35,Not Drowsy,0.998,0.002,eye_closure+blink_duration+yawning+head_pose,Good,False
2026-07-23T13:36:36,Not Drowsy,0.997,0.003,eye_closure+blink_duration+yawning+head_pose,Good,False
2026-07-23T13:36:36,Not Drowsy,0.999,0.001,eye_closure+blink_duration+yawning+head_pose,Good,False
2026-07-23T13:36:36,Not Drowsy,0.999,0.001,eye_closure+blink_duration+yawning+head_pose,Good,False
2026-07-23T13:36:37,Not Drowsy,1.000,0.000,eye_closure+blink_duration+yawning+head_pose,Good,False
2026-07-23T13:36:37,Not Drowsy,0.999,0.001,eye_closure+blink_duration+yawning+head_pose,Good,False
2026-07-23T13:36:37,Not Drowsy,0.999,0.001,eye_closure+blink_duration+yawning+head_pose,Good,False
2026-07-23T13:36:38,Not Drowsy,1.000,0.000,eye_closure+blink_duration+yawning+head_pose,Good,False
2026-07-23T13:36:38,Not Drowsy,0.999,0.334,eye_closure+blink_duration+yawning+head_pose,Good,False
2026-07-23T13:36:38,Not Drowsy,0.998,0.002,eye_closure+blink_duration+yawning+head_pose,Good,False
2026-07-23T13:36:39,Not Drowsy,0.997,0.003,eye_closure+blink_duration+yawning+head_pose,Good,False
2026-07-23T13:36:39,Not Drowsy,0.996,0.004,eye_closure+blink_duration+yawning+head_pose,Good,False
2026-07-23T13:36:39,Not Drowsy,0.996,0.004,eye_closure+blink_duration+yawning+head_pose,Good,False
2026-07-23T13:36:39,Not Drowsy,0.995,0.005,eye_closure+blink_duration+yawning+head_pose,Good,False
2026-07-23T13:36:40,Not Drowsy,0.994,0.006,eye_closure+blink_duration+yawning+head_pose,Good,False
2026-07-23T13:36:40,Not Drowsy,0.993,0.006,eye_closure+blink_duration+yawning+head_pose,Good,False
2026-07-23T13:36:41,Not Drowsy,0.994,0.338,eye_closure+blink_duration+yawning+head_pose,Good,False
2026-07-23T13:36:41,Not Drowsy,0.995,0.337,eye_closure+blink_duration+yawning+head_pose,Good,False
2026-07-23T13:36:41,Not Drowsy,0.995,0.337,eye_closure+blink_duration+yawning+head_pose,Good,False
2026-07-23T13:36:42,Not Drowsy,0.995,0.338,eye_closure+blink_duration+yawning+head_pose,Good,False
2026-07-23T13:36:42,Not Drowsy,0.995,0.338,eye_closure+blink_duration+yawning+head_pose,Good,False
2026-07-23T13:36:42,Not Drowsy,0.995,0.338,eye_closure+blink_duration+yawning+head_pose,Good,False
2026-07-23T13:36:42,Not Drowsy,0.994,0.338,eye_closure+blink_duration+yawning+head_pose,Good,False
2026-07-23T13:36:43,Not Drowsy,0.995,0.337,eye_closure+blink_duration+yawning+head_pose,Good,False
2026-07-23T13:36:43,Not Drowsy,0.994,0.338,eye_closure+blink_duration+yawning+head_pose,Good,False
2026-07-23T13:36:44,Not Drowsy,0.995,0.338,eye_closure+blink_duration+yawning+head_pose,Good,False
2026-07-23T13:36:44,Not Drowsy,0.994,0.338,eye_closure+blink_duration+yawning+head_pose,Good,False
2026-07-23T13:36:44,Not Drowsy,0.996,0.337,eye_closure+blink_duration+yawning+head_pose,Good,False
2026-07-23T13:36:45,Not Drowsy,0.994,0.338,eye_closure+blink_duration+yawning+head_pose,Good,False
2026-07-23T13:36:45,Not Drowsy,0.995,0.337,eye_closure+blink_duration+yawning+head_pose,Good,False
2026-07-23T13:36:45,Not Drowsy,0.995,0.338,eye_closure+blink_duration+yawning+head_pose,Good,False
2026-07-23T13:36:46,Not Drowsy,0.995,0.337,eye_closure+blink_duration+yawning+head_pose,Good,False
2026-07-23T13:36:46,Not Drowsy,0.995,0.338,eye_closure+blink_duration+yawning+head_pose,Good,False
2026-07-23T13:36:46,Not Drowsy,0.995,0.338,eye_closure+blink_duration+yawning+head_pose,Good,False
2026-07-23T13:36:46,Not Drowsy,0.995,0.337,eye_closure+blink_duration+yawning+head_pose,Good,False
2026-07-23T13:36:47,Not Drowsy,0.995,0.338,eye_closure+blink_duration+yawning+head_pose,Good,False
2026-07-23T13:36:47,Not Drowsy,0.996,0.337,eye_closure+blink_duration+yawning+head_pose,Good,False
2026-07-23T13:36:47,Not Drowsy,0.996,0.337,eye_closure+blink_duration+yawning+head_pose,Good,False
2026-07-23T13:36:48,Not Drowsy,0.995,0.005,eye_closure+blink_duration+yawning+head_pose,Good,False
2026-07-23T13:36:48,Not Drowsy,0.995,0.005,eye_closure+blink_duration+yawning+head_pose,Good,False
2026-07-23T13:36:48,Not Drowsy,0.994,0.006,eye_closure+blink_duration+yawning+head_pose,Good,False
2026-07-23T13:36:49,Not Drowsy,0.993,0.007,eye_closure+blink_duration+yawning+head_pose,Good,False
2026-07-23T13:36:49,Not Drowsy,0.993,0.007,eye_closure+blink_duration+yawning+head_pose,Good,False
2026-07-23T13:36:49,Not Drowsy,0.993,0.007,eye_closure+blink_duration+yawning+head_pose,Good,False
2026-07-23T13:36:50,Not Drowsy,0.992,0.008,eye_closure+blink_duration+yawning+head_pose,Good,False
2026-07-23T13:36:50,Not Drowsy,0.992,0.008,eye_closure+blink_duration+yawning+head_pose,Good,False
2026-07-23T13:36:50,Not Drowsy,0.999,0.001,eye_closure+blink_duration+yawning+head_pose,Good,False
2026-07-23T13:36:51,Not Drowsy,0.998,0.002,eye_closure+blink_duration+yawning+head_pose,Good,False
2026-07-23T13:36:51,Not Drowsy,0.998,0.002,eye_closure+blink_duration+yawning+head_pose,Good,False
2026-07-23T13:36:51,Not Drowsy,0.999,0.001,eye_closure+blink_duration+yawning+head_pose,Good,False
2026-07-23T13:36:52,Not Drowsy,0.999,0.001,eye_closure+blink_duration+yawning+head_pose,Good,False
2026-07-23T13:36:52,Not Drowsy,0.999,0.001,eye_closure+blink_duration+yawning+head_pose,Good,False
2026-07-23T13:36:52,Not Drowsy,0.999,0.001,eye_closure+blink_duration+yawning+head_pose,Good,False
2026-07-23T13:36:53,Not Drowsy,0.999,0.001,eye_closure+blink_duration+yawning+head_pose,Good,False
2026-07-23T13:36:53,Not Drowsy,0.998,0.002,eye_closure+blink_duration+yawning+head_pose,Good,False
2026-07-23T13:36:53,Not Drowsy,0.998,0.002,eye_closure+blink_duration+yawning+head_pose,Good,False
2026-07-23T13:36:54,Not Drowsy,0.997,0.003,eye_closure+blink_duration+yawning+head_pose,Good,False
2026-07-23T13:36:54,Not Drowsy,0.998,0.002,eye_closure+blink_duration+yawning+head_pose,Good,False
2026-07-23T13:36:54,Not Drowsy,0.998,0.002,eye_closure+blink_duration+yawning+head_pose,Good,False
2026-07-23T13:36:55,Not Drowsy,0.999,0.001,eye_closure+blink_duration+yawning+head_pose,Good,False
2026-07-23T13:36:55,Not Drowsy,0.998,0.002,eye_closure+blink_duration+yawning+head_pose,Good,False
2026-07-23T13:36:56,Not Drowsy,0.999,0.001,eye_closure+blink_duration+yawning+head_pose,Good,False
2026-07-23T13:36:56,Not Drowsy,0.998,0.002,eye_closure+blink_duration+yawning+head_pose,Good,False
2026-07-23T13:36:56,Not Drowsy,0.999,0.001,eye_closure+blink_duration+yawning+head_pose,Good,False
2026-07-23T13:36:57,Not Drowsy,0.999,0.001,eye_closure+blink_duration+yawning+head_pose,Good,False
2026-07-23T13:36:57,Not Drowsy,0.999,0.001,eye_closure+blink_duration+yawning+head_pose,Good,False
2026-07-23T13:36:57,Not Drowsy,0.998,0.335,eye_closure+blink_duration+yawning+head_pose,Good,False
2026-07-23T13:36:58,Not Drowsy,0.999,0.001,eye_closure+blink_duration+yawning+head_pose,Good,False
2026-07-23T13:36:58,Not Drowsy,0.998,0.002,eye_closure+blink_duration+yawning+head_pose,Good,False
2026-07-23T13:36:58,Not Drowsy,0.989,0.343,eye_closure+blink_duration+yawning+head_pose,Good,False
2026-07-23T13:36:59,Not Drowsy,0.999,0.001,eye_closure+blink_duration+yawning+head_pose,Good,False
2026-07-23T13:36:59,Not Drowsy,0.999,0.001,eye_closure+blink_duration+yawning+head_pose,Good,False
2026-07-23T13:36:59,Not Drowsy,0.999,0.001,eye_closure+blink_duration+yawning+head_pose,Good,False
2026-07-23T13:37:00,Not Drowsy,0.998,0.002,eye_closure+blink_duration+yawning+head_pose,Good,False
2026-07-23T13:37:00,Not Drowsy,0.995,0.005,eye_closure+blink_duration+yawning+head_pose,Good,False
2026-07-23T13:37:01,Not Drowsy,0.996,0.337,eye_closure+blink_duration+yawning+head_pose,Good,False
2026-07-23T13:37:01,Not Drowsy,0.994,0.006,eye_closure+blink_duration+yawning+head_pose,Good,False
2026-07-23T13:37:01,Not Drowsy,0.997,0.003,eye_closure+blink_duration+yawning+head_pose,Good,False
2026-07-23T13:37:02,Not Drowsy,0.992,0.008,eye_closure+blink_duration+yawning+head_pose,Good,False
2026-07-23T13:37:02,Not Drowsy,0.998,0.002,eye_closure+blink_duration+yawning+head_pose,Good,False
2026-07-23T13:37:02,Not Drowsy,0.998,0.002,eye_closure+blink_duration+yawning+head_pose,Good,False
2026-07-23T13:37:03,Not Drowsy,0.999,0.001,eye_closure+blink_duration+yawning+head_pose,Good,False
2026-07-23T13:37:03,Not Drowsy,0.997,0.003,eye_closure+blink_duration+yawning+head_pose,Good,False
2026-07-23T13:37:03,Not Drowsy,0.997,0.003,eye_closure+blink_duration+yawning+head_pose,Good,False
2026-07-23T13:37:04,Not Drowsy,0.998,0.002,eye_closure+blink_duration+yawning+head_pose,Good,False
2026-07-23T13:37:04,Not Drowsy,0.998,0.002,eye_closure+blink_duration+yawning+head_pose,Good,False
2026-07-23T13:37:04,Not Drowsy,0.998,0.335,eye_closure+blink_duration+yawning+head_pose,Good,False
2026-07-23T13:37:04,Not Drowsy,0.997,0.003,eye_closure+blink_duration+yawning+head_pose,Good,False
2026-07-23T13:37:05,Not Drowsy,0.996,0.004,eye_closure+blink_duration+yawning+head_pose,Good,False
2026-07-23T13:37:05,Not Drowsy,0.997,0.003,eye_closure+blink_duration+yawning+head_pose,Good,False
2026-07-23T13:37:05,Not Drowsy,0.997,0.003,eye_closure+blink_duration+yawning+head_pose,Good,False
2026-07-23T13:37:06,Not Drowsy,0.997,0.003,eye_closure+blink_duration+yawning+head_pose,Good,False
2026-07-23T13:37:06,Not Drowsy,0.994,0.006,eye_closure+blink_duration+yawning+head_pose,Good,False
2026-07-23T13:37:06,Not Drowsy,0.996,0.004,eye_closure+blink_duration+yawning+head_pose,Good,False
2026-07-23T13:37:07,Not Drowsy,0.996,0.004,eye_closure+blink_duration+yawning+head_pose,Good,False
2026-07-23T13:37:07,Not Drowsy,0.996,0.004,eye_closure+blink_duration+yawning+head_pose,Good,False
2026-07-23T13:37:07,Not Drowsy,0.999,0.334,eye_closure+blink_duration+yawning+head_pose,Good,False
2026-07-23T13:37:08,Not Drowsy,0.996,0.336,eye_closure+blink_duration+yawning+head_pose,Good,False
2026-07-23T13:37:08,Not Drowsy,1.000,0.000,eye_closure+blink_duration+yawning+head_pose,Good,False
2026-07-23T13:37:08,Not Drowsy,0.998,0.002,eye_closure+blink_duration+yawning+head_pose,Good,False
2026-07-23T13:37:09,Not Drowsy,0.995,0.005,eye_closure+blink_duration+yawning+head_pose,Good,False
2026-07-23T13:37:09,Not Drowsy,0.999,0.334,eye_closure+blink_duration+yawning+head_pose,Good,False
2026-07-23T13:37:09,Not Drowsy,1.000,0.000,eye_closure+blink_duration+yawning+head_pose,Good,False
2026-07-23T13:37:10,Not Drowsy,1.000,0.000,eye_closure+blink_duration+yawning+head_pose,Good,False
2026-07-23T13:37:10,Not Drowsy,0.999,0.001,eye_closure+blink_duration+yawning+head_pose,Good,False
2026-07-23T13:37:10,Not Drowsy,0.999,0.001,eye_closure+blink_duration+yawning+head_pose,Good,False
2026-07-23T13:37:11,Not Drowsy,0.999,0.001,eye_closure+blink_duration+yawning+head_pose,Good,False
2026-07-23T13:37:11,Not Drowsy,0.999,0.001,eye_closure+blink_duration+yawning+head_pose,Good,False
2026-07-23T13:37:11,Not Drowsy,0.999,0.001,eye_closure+blink_duration+yawning+head_pose,Good,False
2026-07-23T13:37:12,Not Drowsy,0.999,0.001,eye_closure+blink_duration+yawning+head_pose,Good,False
2026-07-23T13:37:12,Not Drowsy,0.999,0.001,eye_closure+blink_duration+yawning+head_pose,Good,False
2026-07-23T13:37:12,Not Drowsy,0.999,0.001,eye_closure+blink_duration+yawning+head_pose,Good,False
2026-07-23T13:37:13,Not Drowsy,0.999,0.001,eye_closure+blink_duration+yawning+head_pose,Good,False
2026-07-23T13:37:13,Not Drowsy,0.999,0.001,eye_closure+blink_duration+yawning+head_pose,Good,False
2026-07-23T13:37:13,Not Drowsy,0.999,0.001,eye_closure+blink_duration+yawning+head_pose,Good,False
2026-07-23T13:37:14,Not Drowsy,0.999,0.334,eye_closure+blink_duration+yawning+head_pose,Good,False
2026-07-23T13:37:14,Not Drowsy,0.999,0.001,eye_closure+blink_duration+yawning+head_pose,Good,False
2026-07-23T13:37:14,Not Drowsy,0.982,0.018,eye_closure+blink_duration+yawning+head_pose,Good,False
2026-07-23T13:37:15,Not Drowsy,0.977,0.023,eye_closure+blink_duration+yawning+head_pose,Good,False
2026-07-23T13:37:15,Not Drowsy,0.999,0.001,eye_closure+blink_duration+yawning+head_pose,Good,False
2026-07-23T13:37:15,Not Drowsy,0.992,0.340,eye_closure+blink_duration+yawning+head_pose,Good,False
2026-07-23T13:37:16,Not Drowsy,0.999,0.334,eye_closure+blink_duration+yawning+head_pose,Good,False
2026-07-23T13:37:16,Not Drowsy,0.999,0.001,eye_closure+blink_duration+yawning+head_pose,Good,False
2026-07-23T13:37:16,Not Drowsy,0.998,0.002,eye_closure+blink_duration+yawning+head_pose,Good,False
2026-07-23T13:37:17,Not Drowsy,0.999,0.001,eye_closure+blink_duration+yawning+head_pose,Good,False
2026-07-23T13:37:17,Not Drowsy,0.998,0.002,eye_closure+blink_duration+yawning+head_pose,Good,False
2026-07-23T13:37:17,Not Drowsy,0.997,0.003,eye_closure+blink_duration+yawning+head_pose,Good,False
2026-07-23T13:37:18,Not Drowsy,0.997,0.003,eye_closure+blink_duration+yawning+head_pose,Good,False
2026-07-23T13:37:18,Not Drowsy,0.998,0.002,eye_closure+blink_duration+yawning+head_pose,Good,False
2026-07-23T13:37:18,Not Drowsy,0.999,0.335,eye_closure+blink_duration+yawning+head_pose,Good,False
2026-07-23T13:37:19,Not Drowsy,0.998,0.002,eye_closure+blink_duration+yawning+head_pose,Good,False
2026-07-23T13:37:19,Not Drowsy,0.999,0.001,eye_closure+blink_duration+yawning+head_pose,Good,False
2026-07-23T13:37:19,Not Drowsy,0.999,0.001,eye_closure+blink_duration+yawning+head_pose,Good,False
2026-07-23T13:37:20,Not Drowsy,0.998,0.002,eye_closure+blink_duration+yawning+head_pose,Good,False
2026-07-23T13:37:20,Not Drowsy,0.999,0.001,eye_closure+blink_duration+yawning+head_pose,Good,False
2026-07-23T13:37:20,Not Drowsy,0.999,0.001,eye_closure+blink_duration+yawning+head_pose,Good,False
2026-07-23T13:37:21,Not Drowsy,0.999,0.001,eye_closure+blink_duration+yawning+head_pose,Good,False
2026-07-23T13:37:21,Not Drowsy,0.999,0.334,eye_closure+blink_duration+yawning+head_pose,Good,False
2026-07-23T13:37:21,Not Drowsy,0.999,0.001,eye_closure+blink_duration+yawning+head_pose,Good,False
2026-07-23T13:37:21,Not Drowsy,0.999,0.001,eye_closure+blink_duration+yawning+head_pose,Good,False
2026-07-23T13:37:22,Not Drowsy,0.999,0.001,eye_closure+blink_duration+yawning+head_pose,Good,False
2026-07-23T13:37:22,Not Drowsy,0.998,0.002,eye_closure+blink_duration+yawning+head_pose,Good,False
2026-07-23T13:37:22,Not Drowsy,0.995,0.005,eye_closure+blink_duration+yawning+head_pose,Good,False
2026-07-23T13:37:23,Not Drowsy,0.995,0.005,eye_closure+blink_duration+yawning+head_pose,Good,False
2026-07-23T13:37:23,Not Drowsy,0.997,0.003,eye_closure+blink_duration+yawning+head_pose,Good,False
2026-07-23T13:37:24,Not Drowsy,0.995,0.005,eye_closure+blink_duration+yawning+head_pose,Good,False
2026-07-23T13:37:24,Not Drowsy,0.988,0.012,eye_closure+blink_duration+yawning+head_pose,Good,False
2026-07-23T13:37:24,Not Drowsy,0.996,0.004,eye_closure+blink_duration+yawning+head_pose,Good,False
2026-07-23T13:37:25,Not Drowsy,0.996,0.336,eye_closure+blink_duration+yawning+head_pose,Good,False
2026-07-23T13:37:25,Not Drowsy,0.996,0.337,eye_closure+blink_duration+yawning+head_pose,Good,False
2026-07-23T13:37:25,Not Drowsy,0.997,0.003,eye_closure+blink_duration+yawning+head_pose,Good,False
2026-07-23T13:37:26,Not Drowsy,0.997,0.336,eye_closure+blink_duration+yawning+head_pose,Good,False
2026-07-23T13:37:26,Not Drowsy,0.997,0.003,eye_closure+blink_duration+yawning+head_pose,Good,False
2026-07-23T13:37:26,Not Drowsy,0.998,0.002,eye_closure+blink_duration+yawning+head_pose,Good,False
2026-07-23T13:37:27,Not Drowsy,0.998,0.002,eye_closure+blink_duration+yawning+head_pose,Good,False
2026-07-23T13:37:27,Not Drowsy,0.999,0.001,eye_closure+blink_duration+yawning+head_pose,Good,False
2026-07-23T13:37:27,Not Drowsy,0.999,0.001,eye_closure+blink_duration+yawning+head_pose,Good,False
2026-07-23T13:37:27,Not Drowsy,0.999,0.001,eye_closure+blink_duration+yawning+head_pose,Good,False
2026-07-23T13:37:28,Not Drowsy,0.998,0.002,eye_closure+blink_duration+yawning+head_pose,Good,False
2026-07-23T13:37:28,Not Drowsy,0.998,0.002,eye_closure+blink_duration+yawning+head_pose,Good,False
2026-07-23T13:37:28,Not Drowsy,0.998,0.002,eye_closure+blink_duration+yawning+head_pose,Good,False
2026-07-23T13:37:29,Not Drowsy,0.998,0.335,eye_closure+blink_duration+yawning+head_pose,Good,False
2026-07-23T13:37:29,Not Drowsy,0.999,0.334,eye_closure+blink_duration+yawning+head_pose,Good,False
2026-07-23T13:37:29,Not Drowsy,0.999,0.001,eye_closure+blink_duration+yawning+head_pose,Good,False
2026-07-23T13:37:29,Not Drowsy,0.999,0.001,eye_closure+blink_duration+yawning+head_pose,Good,False
2026-07-23T13:37:30,Not Drowsy,0.999,0.001,eye_closure+blink_duration+yawning+head_pose,Good,False
2026-07-23T13:37:30,Not Drowsy,0.999,0.001,eye_closure+blink_duration+yawning+head_pose,Good,False
2026-07-23T13:37:30,Not Drowsy,0.999,0.001,eye_closure+blink_duration+yawning+head_pose,Good,False
2026-07-23T13:37:31,Not Drowsy,0.999,0.001,eye_closure+blink_duration+yawning+head_pose,Good,False
2026-07-23T13:37:31,Not Drowsy,0.999,0.001,eye_closure+blink_duration+yawning+head_pose,Good,False
2026-07-23T13:37:31,Not Drowsy,0.998,0.335,eye_closure+blink_duration+yawning+head_pose,Good,False
2026-07-23T13:37:31,Not Drowsy,0.999,0.001,eye_closure+blink_duration+yawning+head_pose,Good,False
2026-07-23T13:37:32,Not Drowsy,0.999,0.001,eye_closure+blink_duration+yawning+head_pose,Good,False
2026-07-23T13:37:32,Not Drowsy,0.999,0.001,eye_closure+blink_duration+yawning+head_pose,Good,False
2026-07-23T13:37:32,Not Drowsy,0.999,0.001,eye_closure+blink_duration+yawning+head_pose,Good,False
2026-07-23T13:37:33,Not Drowsy,0.999,0.001,eye_closure+blink_duration+yawning+head_pose,Good,False
2026-07-23T13:37:33,Not Drowsy,0.999,0.001,eye_closure+blink_duration+yawning+head_pose,Good,False
2026-07-23T13:37:33,Not Drowsy,0.999,0.001,eye_closure+blink_duration+yawning+head_pose,Good,False
2026-07-23T13:37:34,Not Drowsy,0.999,0.001,eye_closure+blink_duration+yawning+head_pose,Good,False
2026-07-23T13:37:34,Not Drowsy,0.997,0.003,eye_closure+blink_duration+yawning+head_pose,Good,False
2026-07-23T13:37:34,Not Drowsy,0.999,0.001,eye_closure+blink_duration+yawning+head_pose,Good,False
2026-07-23T13:37:34,Not Drowsy,0.995,0.337,eye_closure+blink_duration+yawning+head_pose,Good,False
2026-07-23T13:37:35,Not Drowsy,0.960,0.039,eye_closure+blink_duration+yawning+head_pose,Good,False
2026-07-23T13:37:35,Not Drowsy,0.973,0.026,eye_closure+blink_duration+yawning+head_pose,Good,False
2026-07-23T13:37:35,Not Drowsy,0.984,0.015,eye_closure+blink_duration+yawning+head_pose,Good,False
2026-07-23T13:37:35,Not Drowsy,0.992,0.008,eye_closure+blink_duration+yawning+head_pose,Good,False
2026-07-23T13:37:36,Not Drowsy,0.983,0.017,eye_closure+blink_duration+yawning+head_pose,Good,False
2026-07-23T13:37:36,Not Drowsy,0.994,0.006,eye_closure+blink_duration+yawning+head_pose,Good,False
2026-07-23T13:37:36,Not Drowsy,0.996,0.004,eye_closure+blink_duration+yawning+head_pose,Good,False
2026-07-23T13:37:37,Not Drowsy,0.993,0.007,eye_closure+blink_duration+yawning+head_pose,Good,False
2026-07-23T13:37:37,Not Drowsy,0.996,0.004,eye_closure+blink_duration+yawning+head_pose,Good,False
2026-07-23T13:37:37,Not Drowsy,0.995,0.005,eye_closure+blink_duration+yawning+head_pose,Good,False
2026-07-23T13:37:38,Not Drowsy,0.994,0.006,eye_closure+blink_duration+yawning+head_pose,Good,False
2026-07-23T13:37:38,Not Drowsy,0.998,0.002,eye_closure+blink_duration+yawning+head_pose,Good,False
2026-07-23T13:37:38,Not Drowsy,0.985,0.015,eye_closure+blink_duration+yawning+head_pose,Good,False
2026-07-23T13:37:39,Not Drowsy,0.988,0.343,eye_closure+blink_duration+yawning+head_pose,Good,False
2026-07-23T13:37:39,Not Drowsy,0.996,0.004,eye_closure+blink_duration+yawning+head_pose,Good,False
2026-07-23T13:37:39,Not Drowsy,0.998,0.002,eye_closure+blink_duration+yawning+head_pose,Good,False
2026-07-23T13:37:39,Not Drowsy,0.998,0.002,eye_closure+blink_duration+yawning+head_pose,Good,False
2026-07-23T13:37:40,Not Drowsy,0.999,0.001,eye_closure+blink_duration+yawning+head_pose,Good,False
2026-07-23T13:37:40,Not Drowsy,0.999,0.001,eye_closure+blink_duration+yawning+head_pose,Good,False
2026-07-23T13:37:40,Not Drowsy,0.999,0.001,eye_closure+blink_duration+yawning+head_pose,Good,False
2026-07-23T13:37:41,Not Drowsy,0.999,0.001,eye_closure+blink_duration+yawning+head_pose,Good,False
2026-07-23T13:37:41,Not Drowsy,0.998,0.002,eye_closure+blink_duration+yawning+head_pose,Good,False
2026-07-23T13:37:41,Not Drowsy,0.999,0.001,eye_closure+blink_duration+yawning+head_pose,Good,False
2026-07-23T13:37:42,Not Drowsy,0.999,0.001,eye_closure+blink_duration+yawning+head_pose,Good,False
2026-07-23T13:37:42,Not Drowsy,0.998,0.002,eye_closure+blink_duration+yawning+head_pose,Good,False
2026-07-23T13:37:42,Not Drowsy,0.999,0.334,eye_closure+blink_duration+yawning+head_pose,Good,False
2026-07-23T13:37:42,Not Drowsy,0.998,0.002,eye_closure+blink_duration+yawning+head_pose,Good,False
2026-07-23T13:37:43,Not Drowsy,0.998,0.335,eye_closure+blink_duration+yawning+head_pose,Good,False
2026-07-23T13:37:43,Not Drowsy,0.997,0.336,eye_closure+blink_duration+yawning+head_pose,Good,False
2026-07-23T13:37:43,Not Drowsy,0.997,0.003,eye_closure+blink_duration+yawning+head_pose,Good,False
2026-07-23T13:37:44,Not Drowsy,0.998,0.002,eye_closure+blink_duration+yawning+head_pose,Good,False
2026-07-23T13:37:44,Not Drowsy,0.997,0.003,eye_closure+blink_duration+yawning+head_pose,Good,False
2026-07-23T13:37:44,Not Drowsy,0.996,0.004,eye_closure+blink_duration+yawning+head_pose,Good,False
2026-07-23T13:37:45,Not Drowsy,0.999,0.001,eye_closure+blink_duration+yawning+head_pose,Good,False
2026-07-23T13:37:45,Not Drowsy,0.999,0.334,eye_closure+blink_duration+yawning+head_pose,Good,False
2026-07-23T13:37:45,Not Drowsy,0.999,0.334,eye_closure+blink_duration+yawning+head_pose,Good,False
2026-07-23T13:37:46,Not Drowsy,0.999,0.001,eye_closure+blink_duration+yawning+head_pose,Good,False
2026-07-23T13:37:46,Not Drowsy,0.999,0.001,eye_closure+blink_duration+yawning+head_pose,Good,False
2026-07-23T13:37:46,Not Drowsy,0.998,0.002,eye_closure+blink_duration+yawning+head_pose,Good,False
2026-07-23T13:37:47,Not Drowsy,0.998,0.335,eye_closure+blink_duration+yawning+head_pose,Good,False
2026-07-23T13:37:47,Not Drowsy,0.998,0.002,eye_closure+blink_duration+yawning+head_pose,Good,False
2026-07-23T13:37:47,Not Drowsy,0.998,0.002,eye_closure+blink_duration+yawning+head_pose,Good,False
2026-07-23T13:37:47,Not Drowsy,0.998,0.002,eye_closure+blink_duration+yawning+head_pose,Good,False
2026-07-23T13:37:48,Not Drowsy,0.998,0.002,eye_closure+blink_duration+yawning+head_pose,Good,False
2026-07-23T13:37:48,Not Drowsy,0.997,0.003,eye_closure+blink_duration+yawning+head_pose,Good,False
2026-07-23T13:37:48,Not Drowsy,0.998,0.002,eye_closure+blink_duration+yawning+head_pose,Good,False
2026-07-23T13:37:49,Not Drowsy,0.997,0.003,eye_closure+blink_duration+yawning+head_pose,Good,False
2026-07-23T13:37:49,Not Drowsy,0.997,0.003,eye_closure+blink_duration+yawning+head_pose,Good,False
2026-07-23T13:37:49,Not Drowsy,0.997,0.003,eye_closure+blink_duration+yawning+head_pose,Good,False
2026-07-23T13:37:49,Not Drowsy,0.997,0.003,eye_closure+blink_duration+yawning+head_pose,Good,False
2026-07-23T13:37:50,Not Drowsy,0.997,0.003,eye_closure+blink_duration+yawning+head_pose,Good,False
2026-07-23T13:37:50,Not Drowsy,0.997,0.003,eye_closure+blink_duration+yawning+head_pose,Good,False
2026-07-23T13:37:50,Not Drowsy,0.996,0.004,eye_closure+blink_duration+yawning+head_pose,Good,False
2026-07-23T13:37:51,Not Drowsy,0.997,0.003,eye_closure+blink_duration+yawning+head_pose,Good,False
2026-07-23T13:37:51,Not Drowsy,0.997,0.003,eye_closure+blink_duration+yawning+head_pose,Good,False
2026-07-23T13:37:51,Not Drowsy,0.997,0.003,eye_closure+blink_duration+yawning+head_pose,Good,False
2026-07-23T13:37:51,Not Drowsy,0.997,0.003,eye_closure+blink_duration+yawning+head_pose,Good,False
2026-07-23T13:37:52,Not Drowsy,0.997,0.003,eye_closure+blink_duration+yawning+head_pose,Good,False
2026-07-23T13:37:52,Not Drowsy,0.998,0.002,eye_closure+blink_duration+yawning+head_pose,Good,False
2026-07-23T13:37:52,Not Drowsy,0.997,0.003,eye_closure+blink_duration+yawning+head_pose,Good,False
2026-07-23T13:37:53,Not Drowsy,0.996,0.004,eye_closure+blink_duration+yawning+head_pose,Good,False
2026-07-23T13:37:53,Not Drowsy,0.996,0.004,eye_closure+blink_duration+yawning+head_pose,Good,False
2026-07-23T13:37:53,Not Drowsy,0.998,0.002,eye_closure+blink_duration+yawning+head_pose,Good,False
2026-07-23T13:37:54,Not Drowsy,0.997,0.003,eye_closure+blink_duration+yawning+head_pose,Good,False
2026-07-23T13:37:54,Not Drowsy,0.996,0.004,eye_closure+blink_duration+yawning+head_pose,Good,False
2026-07-23T13:37:55,Not Drowsy,0.997,0.003,eye_closure+blink_duration+yawning+head_pose,Good,False
2026-07-23T13:37:55,Not Drowsy,0.998,0.335,eye_closure+blink_duration+yawning+head_pose,Good,False
2026-07-23T13:37:55,Not Drowsy,0.998,0.002,eye_closure+blink_duration+yawning+head_pose,Good,False
2026-07-23T13:37:55,Not Drowsy,0.998,0.002,eye_closure+blink_duration+yawning+head_pose,Good,False
2026-07-23T13:37:56,Not Drowsy,0.997,0.003,eye_closure+blink_duration+yawning+head_pose,Good,False
2026-07-23T13:37:56,Not Drowsy,0.996,0.004,eye_closure+blink_duration+yawning+head_pose,Good,False
2026-07-23T13:37:56,Not Drowsy,0.997,0.003,eye_closure+blink_duration+yawning+head_pose,Good,False
2026-07-23T13:37:56,Not Drowsy,0.997,0.003,eye_closure+blink_duration+yawning+head_pose,Good,False
2026-07-23T13:37:57,Not Drowsy,0.997,0.003,eye_closure+blink_duration+yawning+head_pose,Good,False
2026-07-23T13:37:57,Not Drowsy,0.997,0.003,eye_closure+blink_duration+yawning+head_pose,Good,False
2026-07-23T13:37:57,Not Drowsy,0.997,0.003,eye_closure+blink_duration+yawning+head_pose,Good,False
2026-07-23T13:37:58,Not Drowsy,0.997,0.003,eye_closure+blink_duration+yawning+head_pose,Good,False
2026-07-23T13:37:58,Not Drowsy,0.997,0.003,eye_closure+blink_duration+yawning+head_pose,Good,False
2026-07-23T13:37:58,Not Drowsy,0.998,0.335,eye_closure+blink_duration+yawning+head_pose,Good,False
2026-07-23T13:37:59,Not Drowsy,0.996,0.004,eye_closure+blink_duration+yawning+head_pose,Good,False
2026-07-23T13:37:59,Not Drowsy,0.997,0.003,eye_closure+blink_duration+yawning+head_pose,Good,False
2026-07-23T13:37:59,Not Drowsy,0.997,0.003,eye_closure+blink_duration+yawning+head_pose,Good,False
2026-07-23T13:38:00,Not Drowsy,0.998,0.002,eye_closure+blink_duration+yawning+head_pose,Good,False
2026-07-23T13:38:00,Not Drowsy,0.999,0.001,eye_closure+blink_duration+yawning+head_pose,Good,False
2026-07-23T13:38:00,Not Drowsy,0.999,0.001,eye_closure+blink_duration+yawning+head_pose,Good,False
2026-07-23T13:38:00,Not Drowsy,0.999,0.001,eye_closure+blink_duration+yawning+head_pose,Good,False
2026-07-23T13:38:01,Not Drowsy,1.000,0.000,eye_closure+blink_duration+yawning+head_pose,Good,False
2026-07-23T13:38:01,Not Drowsy,1.000,0.000,eye_closure+blink_duration+yawning+head_pose,Good,False
2026-07-23T13:38:01,Not Drowsy,1.000,0.000,eye_closure+blink_duration+yawning+head_pose,Good,False
2026-07-23T13:38:02,Not Drowsy,1.000,0.000,eye_closure+blink_duration+yawning+head_pose,Good,False
2026-07-23T13:38:02,Not Drowsy,0.999,0.001,eye_closure+blink_duration+yawning+head_pose,Good,False
2026-07-23T13:38:02,Not Drowsy,0.998,0.002,eye_closure+blink_duration+yawning+head_pose,Good,False
2026-07-23T13:38:03,Not Drowsy,0.998,0.002,eye_closure+blink_duration+yawning+head_pose,Good,False
2026-07-23T13:38:03,Not Drowsy,0.998,0.002,eye_closure+blink_duration+yawning+head_pose,Good,False
2026-07-23T13:38:03,Not Drowsy,0.998,0.002,eye_closure+blink_duration+yawning+head_pose,Good,False
2026-07-23T13:38:04,Not Drowsy,0.997,0.003,eye_closure+blink_duration+yawning+head_pose,Good,False
2026-07-23T13:38:04,Not Drowsy,0.997,0.003,eye_closure+blink_duration+yawning+head_pose,Good,False
2026-07-23T13:38:04,Not Drowsy,0.998,0.002,eye_closure+blink_duration+yawning+head_pose,Good,False
2026-07-23T13:38:05,Not Drowsy,0.998,0.002,eye_closure+blink_duration+yawning+head_pose,Good,False
2026-07-23T13:38:05,Not Drowsy,0.998,0.335,eye_closure+blink_duration+yawning+head_pose,Good,False
2026-07-23T13:38:05,Not Drowsy,0.997,0.003,eye_closure+blink_duration+yawning+head_pose,Good,False
2026-07-23T13:38:06,Not Drowsy,0.997,0.003,eye_closure+blink_duration+yawning+head_pose,Good,False
2026-07-23T13:38:06,Not Drowsy,0.998,0.002,eye_closure+blink_duration+yawning+head_pose,Good,False
2026-07-23T13:38:06,Not Drowsy,0.997,0.003,eye_closure+blink_duration+yawning+head_pose,Good,False
2026-07-23T13:38:07,Not Drowsy,0.998,0.002,eye_closure+blink_duration+yawning+head_pose,Good,False
2026-07-23T13:38:07,Not Drowsy,0.999,0.001,eye_closure+blink_duration+yawning+head_pose,Good,False
2026-07-23T13:38:07,Not Drowsy,0.998,0.002,eye_closure+blink_duration+yawning+head_pose,Good,False
2026-07-23T13:38:07,Not Drowsy,0.999,0.335,eye_closure+blink_duration+yawning+head_pose,Good,False
2026-07-23T13:38:08,Not Drowsy,0.998,0.335,eye_closure+blink_duration+yawning+head_pose,Good,False
2026-07-23T13:38:08,Not Drowsy,0.998,0.002,eye_closure+blink_duration+yawning+head_pose,Good,False
2026-07-23T13:38:08,Not Drowsy,0.997,0.003,eye_closure+blink_duration+yawning+head_pose,Good,False
2026-07-23T13:38:09,Not Drowsy,0.996,0.004,eye_closure+blink_duration+yawning+head_pose,Good,False
2026-07-23T13:38:09,Not Drowsy,0.997,0.003,eye_closure+blink_duration+yawning+head_pose,Good,False
2026-07-23T13:38:09,Not Drowsy,0.997,0.003,eye_closure+blink_duration+yawning+head_pose,Good,False
2026-07-23T13:38:10,Not Drowsy,0.997,0.003,eye_closure+blink_duration+yawning+head_pose,Good,False
2026-07-23T13:38:10,Not Drowsy,0.997,0.003,eye_closure+blink_duration+yawning+head_pose,Good,False
2026-07-23T13:38:10,Not Drowsy,0.996,0.004,eye_closure+blink_duration+yawning+head_pose,Good,False
2026-07-23T13:38:10,Not Drowsy,0.997,0.003,eye_closure+blink_duration+yawning+head_pose,Good,False
2026-07-23T13:38:11,Not Drowsy,0.997,0.003,eye_closure+blink_duration+yawning+head_pose,Good,False
2026-07-23T13:38:11,Not Drowsy,0.998,0.335,eye_closure+blink_duration+yawning+head_pose,Good,False
2026-07-23T13:38:11,Not Drowsy,0.998,0.335,eye_closure+blink_duration+yawning+head_pose,Good,False
2026-07-23T13:38:12,Not Drowsy,0.998,0.002,eye_closure+blink_duration+yawning+head_pose,Good,False
2026-07-23T13:38:12,Not Drowsy,0.998,0.002,eye_closure+blink_duration+yawning+head_pose,Good,False
2026-07-23T13:38:12,Not Drowsy,0.998,0.002,eye_closure+blink_duration+yawning+head_pose,Good,False
2026-07-23T13:38:13,Not Drowsy,0.998,0.002,eye_closure+blink_duration+yawning+head_pose,Good,False
2026-07-23T13:38:13,Not Drowsy,0.997,0.003,eye_closure+blink_duration+yawning+head_pose,Good,False
2026-07-23T13:38:13,Not Drowsy,0.998,0.002,eye_closure+blink_duration+yawning+head_pose,Good,False
2026-07-23T13:38:14,Not Drowsy,0.998,0.002,eye_closure+blink_duration+yawning+head_pose,Good,False
2026-07-23T13:38:14,Not Drowsy,0.997,0.003,eye_closure+blink_duration+yawning+head_pose,Good,False
2026-07-23T13:38:14,Not Drowsy,0.997,0.336,eye_closure+blink_duration+yawning+head_pose,Good,False
2026-07-23T13:38:14,Not Drowsy,0.997,0.003,eye_closure+blink_duration+yawning+head_pose,Good,False
2026-07-23T13:38:15,Not Drowsy,0.998,0.002,eye_closure+blink_duration+yawning+head_pose,Good,False
2026-07-23T13:38:15,Not Drowsy,0.998,0.002,eye_closure+blink_duration+yawning+head_pose,Good,False
2026-07-23T13:38:15,Not Drowsy,0.997,0.003,eye_closure+blink_duration+yawning+head_pose,Good,False
2026-07-23T13:38:16,Not Drowsy,0.996,0.004,eye_closure+blink_duration+yawning+head_pose,Good,False
2026-07-23T13:38:16,Not Drowsy,0.997,0.003,eye_closure+blink_duration+yawning+head_pose,Good,False
2026-07-23T13:38:16,Not Drowsy,0.998,0.335,eye_closure+blink_duration+yawning+head_pose,Good,False
2026-07-23T13:38:17,Not Drowsy,0.998,0.002,eye_closure+blink_duration+yawning+head_pose,Good,False
2026-07-23T13:38:17,Not Drowsy,0.999,0.001,eye_closure+blink_duration+yawning+head_pose,Good,False
2026-07-23T13:38:17,Not Drowsy,0.998,0.002,eye_closure+blink_duration+yawning+head_pose,Good,False
2026-07-23T13:38:17,Not Drowsy,0.998,0.002,eye_closure+blink_duration+yawning+head_pose,Good,False
2026-07-23T13:38:18,Not Drowsy,0.997,0.003,eye_closure+blink_duration+yawning+head_pose,Good,False
2026-07-23T13:38:18,Not Drowsy,0.996,0.336,eye_closure+blink_duration+yawning+head_pose,Good,False
2026-07-23T13:38:18,Not Drowsy,0.997,0.003,eye_closure+blink_duration+yawning+head_pose,Good,False
2026-07-23T13:38:19,Not Drowsy,0.997,0.003,eye_closure+blink_duration+yawning+head_pose,Good,False
2026-07-23T13:38:19,Not Drowsy,0.997,0.003,eye_closure+blink_duration+yawning+head_pose,Good,False
2026-07-23T13:38:19,Not Drowsy,0.997,0.003,eye_closure+blink_duration+yawning+head_pose,Good,False
2026-07-23T13:38:20,Not Drowsy,0.996,0.004,eye_closure+blink_duration+yawning+head_pose,Good,False
2026-07-23T13:38:20,Not Drowsy,0.997,0.003,eye_closure+blink_duration+yawning+head_pose,Good,False
2026-07-23T13:38:20,Not Drowsy,0.998,0.335,eye_closure+blink_duration+yawning+head_pose,Good,False
2026-07-23T13:38:21,Not Drowsy,0.997,0.003,eye_closure+blink_duration+yawning+head_pose,Good,False
2026-07-23T13:38:21,Not Drowsy,0.996,0.004,eye_closure+blink_duration+yawning+head_pose,Good,False
2026-07-23T13:38:21,Not Drowsy,0.997,0.003,eye_closure+blink_duration+yawning+head_pose,Good,False
2026-07-23T13:38:22,Not Drowsy,0.998,0.002,eye_closure+blink_duration+yawning+head_pose,Good,False
2026-07-23T13:38:22,Not Drowsy,0.998,0.002,eye_closure+blink_duration+yawning+head_pose,Good,False
2026-07-23T13:38:22,Not Drowsy,0.998,0.002,eye_closure+blink_duration+yawning+head_pose,Good,False
2026-07-23T13:38:22,Not Drowsy,0.997,0.003,eye_closure+blink_duration+yawning+head_pose,Good,False
2026-07-23T13:38:23,Not Drowsy,0.997,0.003,eye_closure+blink_duration+yawning+head_pose,Good,False
2026-07-23T13:38:23,Not Drowsy,0.997,0.336,eye_closure+blink_duration+yawning+head_pose,Good,False
2026-07-23T13:38:23,Not Drowsy,0.997,0.003,eye_closure+blink_duration+yawning+head_pose,Good,False
2026-07-23T13:38:24,Not Drowsy,0.996,0.004,eye_closure+blink_duration+yawning+head_pose,Good,False
2026-07-23T13:38:24,Not Drowsy,0.996,0.004,eye_closure+blink_duration+yawning+head_pose,Good,False
2026-07-23T13:38:24,Not Drowsy,0.997,0.003,eye_closure+blink_duration+yawning+head_pose,Good,False
2026-07-23T13:38:24,Not Drowsy,0.996,0.004,eye_closure+blink_duration+yawning+head_pose,Good,False
2026-07-23T13:38:25,Not Drowsy,0.995,0.005,eye_closure+blink_duration+yawning+head_pose,Good,False
2026-07-23T13:38:25,Not Drowsy,0.997,0.003,eye_closure+blink_duration+yawning+head_pose,Good,False
2026-07-23T13:38:25,Not Drowsy,0.997,0.003,eye_closure+blink_duration+yawning+head_pose,Good,False
2026-07-23T13:38:26,Not Drowsy,0.996,0.004,eye_closure+blink_duration+yawning+head_pose,Good,False
2026-07-23T13:38:26,Not Drowsy,0.998,0.002,eye_closure+blink_duration+yawning+head_pose,Good,False
2026-07-23T13:38:26,Not Drowsy,0.998,0.335,eye_closure+blink_duration+yawning+head_pose,Good,False
2026-07-23T13:38:27,Not Drowsy,0.996,0.004,eye_closure+blink_duration+yawning+head_pose,Good,False
2026-07-23T13:38:27,Not Drowsy,0.997,0.003,eye_closure+blink_duration+yawning+head_pose,Good,False
2026-07-23T13:38:27,Not Drowsy,0.997,0.003,eye_closure+blink_duration+yawning+head_pose,Good,False
2026-07-23T13:38:28,Not Drowsy,0.996,0.004,eye_closure+blink_duration+yawning+head_pose,Good,False
2026-07-23T13:38:28,Not Drowsy,0.997,0.003,eye_closure+blink_duration+yawning+head_pose,Good,False
2026-07-23T13:38:28,Not Drowsy,0.999,0.335,eye_closure+blink_duration+yawning+head_pose,Good,False
2026-07-23T13:38:29,Not Drowsy,0.998,0.002,eye_closure+blink_duration+yawning+head_pose,Good,False
2026-07-23T13:38:29,Not Drowsy,0.997,0.003,eye_closure+blink_duration+yawning+head_pose,Good,False
2026-07-23T13:38:29,Not Drowsy,0.997,0.003,eye_closure+blink_duration+yawning+head_pose,Good,False
2026-07-23T13:38:29,Not Drowsy,0.997,0.003,eye_closure+blink_duration+yawning+head_pose,Good,False
2026-07-23T13:38:30,Not Drowsy,0.997,0.003,eye_closure+blink_duration+yawning+head_pose,Good,False
2026-07-23T13:38:30,Not Drowsy,0.996,0.004,eye_closure+blink_duration+yawning+head_pose,Good,False
2026-07-23T13:38:30,Not Drowsy,0.996,0.004,eye_closure+blink_duration+yawning+head_pose,Good,False
2026-07-23T13:38:31,Not Drowsy,0.996,0.004,eye_closure+blink_duration+yawning+head_pose,Good,False
2026-07-23T13:38:31,Not Drowsy,0.995,0.005,eye_closure+blink_duration+yawning+head_pose,Good,False
2026-07-23T13:38:31,Not Drowsy,0.996,0.004,eye_closure+blink_duration+yawning+head_pose,Good,False
2026-07-23T13:38:32,Not Drowsy,0.996,0.004,eye_closure+blink_duration+yawning+head_pose,Good,False
2026-07-23T13:38:32,Not Drowsy,0.997,0.003,eye_closure+blink_duration+yawning+head_pose,Good,False
2026-07-23T13:38:32,Not Drowsy,0.998,0.335,eye_closure+blink_duration+yawning+head_pose,Good,False
2026-07-23T13:38:33,Not Drowsy,0.998,0.002,eye_closure+blink_duration+yawning+head_pose,Good,False
2026-07-23T13:38:33,Not Drowsy,0.997,0.336,eye_closure+blink_duration+yawning+head_pose,Good,False
2026-07-23T13:38:33,Not Drowsy,0.997,0.336,eye_closure+blink_duration+yawning+head_pose,Good,False
2026-07-23T13:38:34,Not Drowsy,0.996,0.004,eye_closure+blink_duration+yawning+head_pose,Good,False
2026-07-23T13:38:34,Not Drowsy,0.998,0.002,eye_closure+blink_duration+yawning+head_pose,Good,False
2026-07-23T13:38:34,Not Drowsy,0.996,0.004,eye_closure+blink_duration+yawning+head_pose,Good,False
2026-07-23T13:38:34,Not Drowsy,0.996,0.004,eye_closure+blink_duration+yawning+head_pose,Good,False
2026-07-23T13:38:35,Not Drowsy,0.995,0.005,eye_closure+blink_duration+yawning+head_pose,Good,False
2026-07-23T13:38:35,Not Drowsy,0.996,0.004,eye_closure+blink_duration+yawning+head_pose,Good,False
2026-07-23T13:38:35,Not Drowsy,0.998,0.002,eye_closure+blink_duration+yawning+head_pose,Good,False
2026-07-23T13:38:36,Not Drowsy,0.999,0.334,eye_closure+blink_duration+yawning+head_pose,Good,False
2026-07-23T13:38:36,Not Drowsy,0.997,0.336,eye_closure+blink_duration+yawning+head_pose,Good,False
2026-07-23T13:38:36,Not Drowsy,0.996,0.004,eye_closure+blink_duration+yawning+head_pose,Good,False
2026-07-23T13:38:37,Not Drowsy,0.998,0.002,eye_closure+blink_duration+yawning+head_pose,Good,False
2026-07-23T13:38:37,Not Drowsy,0.996,0.336,eye_closure+blink_duration+yawning+head_pose,Good,False
2026-07-23T13:38:37,Not Drowsy,0.997,0.003,eye_closure+blink_duration+yawning+head_pose,Good,False
2026-07-23T13:38:38,Not Drowsy,0.995,0.005,eye_closure+blink_duration+yawning+head_pose,Good,False
2026-07-23T13:38:38,Not Drowsy,0.995,0.005,eye_closure+blink_duration+yawning+head_pose,Good,False
2026-07-23T13:38:38,Not Drowsy,0.994,0.006,eye_closure+blink_duration+yawning+head_pose,Good,False
2026-07-23T13:38:39,Not Drowsy,0.996,0.004,eye_closure+blink_duration+yawning+head_pose,Good,False
2026-07-23T13:38:39,Not Drowsy,0.995,0.005,eye_closure+blink_duration+yawning+head_pose,Good,False
2026-07-23T13:38:39,Not Drowsy,0.993,0.007,eye_closure+blink_duration+yawning+head_pose,Good,False
2026-07-23T13:38:40,Not Drowsy,0.995,0.005,eye_closure+blink_duration+yawning+head_pose,Good,False
2026-07-23T13:38:40,Not Drowsy,0.996,0.004,eye_closure+blink_duration+yawning+head_pose,Good,False
2026-07-23T13:38:40,Not Drowsy,0.996,0.004,eye_closure+blink_duration+yawning+head_pose,Good,False
2026-07-23T13:38:40,Not Drowsy,0.998,0.335,eye_closure+blink_duration+yawning+head_pose,Good,False
2026-07-23T13:38:41,Not Drowsy,0.997,0.336,eye_closure+blink_duration+yawning+head_pose,Good,False
2026-07-23T13:38:41,Not Drowsy,0.995,0.005,eye_closure+blink_duration+yawning+head_pose,Good,False
2026-07-23T13:38:41,Not Drowsy,0.995,0.005,eye_closure+blink_duration+yawning+head_pose,Good,False
2026-07-23T13:38:42,Not Drowsy,0.993,0.007,eye_closure+blink_duration+yawning+head_pose,Good,False
2026-07-23T13:38:42,Not Drowsy,0.995,0.005,eye_closure+blink_duration+yawning+head_pose,Good,False
2026-07-23T13:38:42,Not Drowsy,0.994,0.006,eye_closure+blink_duration+yawning+head_pose,Good,False
2026-07-23T13:38:43,Not Drowsy,0.995,0.005,eye_closure+blink_duration+yawning+head_pose,Good,False
2026-07-23T13:38:43,Not Drowsy,0.995,0.005,eye_closure+blink_duration+yawning+head_pose,Good,False
2026-07-23T13:38:43,Not Drowsy,0.995,0.005,eye_closure+blink_duration+yawning+head_pose,Good,False
2026-07-23T13:38:44,Not Drowsy,0.995,0.005,eye_closure+blink_duration+yawning+head_pose,Good,False
2026-07-23T13:38:44,Not Drowsy,0.991,0.009,eye_closure+blink_duration+yawning+head_pose,Good,False
2026-07-23T13:38:44,Not Drowsy,0.993,0.339,eye_closure+blink_duration+yawning+head_pose,Good,False
2026-07-23T13:38:45,Not Drowsy,0.993,0.007,eye_closure+blink_duration+yawning+head_pose,Good,False
2026-07-23T13:38:45,Not Drowsy,0.990,0.010,eye_closure+blink_duration+yawning+head_pose,Good,False
2026-07-23T13:38:45,Not Drowsy,0.992,0.008,eye_closure+blink_duration+yawning+head_pose,Good,False
2026-07-23T13:38:45,Not Drowsy,0.993,0.007,eye_closure+blink_duration+yawning+head_pose,Good,False
2026-07-23T13:38:46,Not Drowsy,0.991,0.009,eye_closure+blink_duration+yawning+head_pose,Good,False
2026-07-23T13:38:46,Not Drowsy,0.994,0.006,eye_closure+blink_duration+yawning+head_pose,Good,False
2026-07-23T13:38:46,Not Drowsy,0.992,0.008,eye_closure+blink_duration+yawning+head_pose,Good,False
2026-07-23T13:38:47,Not Drowsy,0.992,0.008,eye_closure+blink_duration+yawning+head_pose,Good,False
2026-07-23T13:38:47,Not Drowsy,0.990,0.010,eye_closure+blink_duration+yawning+head_pose,Good,False
2026-07-23T13:38:47,Not Drowsy,0.992,0.008,eye_closure+blink_duration+yawning+head_pose,Good,False
2026-07-23T13:38:48,Not Drowsy,0.993,0.007,eye_closure+blink_duration+yawning+head_pose,Good,False
2026-07-23T13:38:48,Not Drowsy,0.996,0.337,eye_closure+blink_duration+yawning+head_pose,Good,False
2026-07-23T13:38:48,Not Drowsy,0.991,0.341,eye_closure+blink_duration+yawning+head_pose,Good,False
2026-07-23T13:38:49,Not Drowsy,0.987,0.013,eye_closure+blink_duration+yawning+head_pose,Good,False
2026-07-23T13:38:49,Not Drowsy,0.986,0.014,eye_closure+blink_duration+yawning+head_pose,Good,False
2026-07-23T13:38:49,Not Drowsy,0.989,0.011,eye_closure+blink_duration+yawning+head_pose,Good,False
2026-07-23T13:38:49,Not Drowsy,0.989,0.011,eye_closure+blink_duration+yawning+head_pose,Good,False
2026-07-23T13:38:50,Not Drowsy,0.985,0.015,eye_closure+blink_duration+yawning+head_pose,Good,False
2026-07-23T13:38:50,Not Drowsy,0.983,0.017,eye_closure+blink_duration+yawning+head_pose,Good,False
2026-07-23T13:38:50,Not Drowsy,0.987,0.013,eye_closure+blink_duration+yawning+head_pose,Good,False
2026-07-23T13:38:51,Not Drowsy,0.993,0.007,eye_closure+blink_duration+yawning+head_pose,Good,False
2026-07-23T13:38:51,Not Drowsy,0.991,0.009,eye_closure+blink_duration+yawning+head_pose,Good,False
2026-07-23T13:38:51,Not Drowsy,0.992,0.008,eye_closure+blink_duration+yawning+head_pose,Good,False
2026-07-23T13:38:52,Not Drowsy,0.991,0.009,eye_closure+blink_duration+yawning+head_pose,Good,False
2026-07-23T13:38:52,Not Drowsy,0.987,0.013,eye_closure+blink_duration+yawning+head_pose,Good,False
2026-07-23T13:38:52,Not Drowsy,0.988,0.012,eye_closure+blink_duration+yawning+head_pose,Good,False
2026-07-23T13:38:52,Not Drowsy,0.994,0.339,eye_closure+blink_duration+yawning+head_pose,Good,False
2026-07-23T13:38:53,Not Drowsy,0.994,0.006,eye_closure+blink_duration+yawning+head_pose,Good,False
2026-07-23T13:38:53,Not Drowsy,0.991,0.009,eye_closure+blink_duration+yawning+head_pose,Good,False
2026-07-23T13:38:53,Not Drowsy,0.993,0.007,eye_closure+blink_duration+yawning+head_pose,Good,False
2026-07-23T13:38:54,Not Drowsy,0.993,0.007,eye_closure+blink_duration+yawning+head_pose,Good,False
2026-07-23T13:38:54,Not Drowsy,0.993,0.007,eye_closure+blink_duration+yawning+head_pose,Good,False
2026-07-23T13:38:54,Not Drowsy,0.992,0.008,eye_closure+blink_duration+yawning+head_pose,Good,False
2026-07-23T13:38:55,Not Drowsy,0.993,0.007,eye_closure+blink_duration+yawning+head_pose,Good,False
2026-07-23T13:38:55,Not Drowsy,0.996,0.004,eye_closure+blink_duration+yawning+head_pose,Good,False
2026-07-23T13:38:55,Not Drowsy,0.999,0.001,eye_closure+blink_duration+yawning+head_pose,Good,False
2026-07-23T13:38:55,Not Drowsy,0.999,0.334,eye_closure+blink_duration+yawning+head_pose,Good,False
2026-07-23T13:38:56,Not Drowsy,0.999,0.001,eye_closure+blink_duration+yawning+head_pose,Good,False
2026-07-23T13:38:56,Not Drowsy,0.999,0.001,eye_closure+blink_duration+yawning+head_pose,Good,False
2026-07-23T13:38:56,Not Drowsy,0.999,0.001,eye_closure+blink_duration+yawning+head_pose,Good,False
2026-07-23T13:38:57,Not Drowsy,0.999,0.001,eye_closure+blink_duration+yawning+head_pose,Good,False
2026-07-23T13:38:57,Not Drowsy,0.999,0.001,eye_closure+blink_duration+yawning+head_pose,Good,False
2026-07-23T13:38:57,Not Drowsy,0.998,0.002,eye_closure+blink_duration+yawning+head_pose,Good,False
2026-07-23T13:38:57,Not Drowsy,0.998,0.002,eye_closure+blink_duration+yawning+head_pose,Good,False
2026-07-23T13:38:58,Not Drowsy,0.998,0.002,eye_closure+blink_duration+yawning+head_pose,Good,False
2026-07-23T13:38:58,Not Drowsy,0.998,0.002,eye_closure+blink_duration+yawning+head_pose,Good,False
2026-07-23T13:38:58,Not Drowsy,0.998,0.002,eye_closure+blink_duration+yawning+head_pose,Good,False
2026-07-23T13:38:59,Not Drowsy,0.999,0.001,eye_closure+blink_duration+yawning+head_pose,Good,False
2026-07-23T13:38:59,Not Drowsy,0.999,0.334,eye_closure+blink_duration+yawning+head_pose,Good,False
2026-07-23T13:38:59,Not Drowsy,0.999,0.001,eye_closure+blink_duration+yawning+head_pose,Good,False
2026-07-23T13:39:00,Not Drowsy,0.999,0.001,eye_closure+blink_duration+yawning+head_pose,Good,False
2026-07-23T13:39:00,Not Drowsy,0.998,0.002,eye_closure+blink_duration+yawning+head_pose,Good,False
2026-07-23T13:39:00,Not Drowsy,0.998,0.002,eye_closure+blink_duration+yawning+head_pose,Good,False
2026-07-23T13:39:00,Not Drowsy,0.998,0.002,eye_closure+blink_duration+yawning+head_pose,Good,False
2026-07-23T13:39:01,Not Drowsy,0.998,0.002,eye_closure+blink_duration+yawning+head_pose,Good,False
2026-07-23T13:39:01,Not Drowsy,0.998,0.002,eye_closure+blink_duration+yawning+head_pose,Good,False
2026-07-23T13:39:01,Not Drowsy,0.998,0.002,eye_closure+blink_duration+yawning+head_pose,Good,False
2026-07-23T13:39:02,Not Drowsy,0.998,0.002,eye_closure+blink_duration+yawning+head_pose,Good,False
2026-07-23T13:39:02,Not Drowsy,0.998,0.002,eye_closure+blink_duration+yawning+head_pose,Good,False
2026-07-23T13:39:02,Not Drowsy,0.998,0.002,eye_closure+blink_duration+yawning+head_pose,Good,False
2026-07-23T13:39:02,Not Drowsy,0.998,0.002,eye_closure+blink_duration+yawning+head_pose,Good,False
2026-07-23T13:39:03,Not Drowsy,0.998,0.002,eye_closure+blink_duration+yawning+head_pose,Good,False
2026-07-23T13:39:03,Not Drowsy,0.999,0.001,eye_closure+blink_duration+yawning+head_pose,Good,False
2026-07-23T13:39:03,Not Drowsy,0.998,0.002,eye_closure+blink_duration+yawning+head_pose,Good,False
2026-07-23T13:39:04,Not Drowsy,0.997,0.003,eye_closure+blink_duration+yawning+head_pose,Good,False
2026-07-23T13:39:04,Not Drowsy,0.997,0.335,eye_closure+blink_duration+yawning+head_pose,Good,False
2026-07-23T13:39:04,Not Drowsy,0.997,0.003,eye_closure+blink_duration+yawning+head_pose,Good,False
2026-07-23T13:39:05,Not Drowsy,0.997,0.003,eye_closure+blink_duration+yawning+head_pose,Good,False
2026-07-23T13:39:05,Not Drowsy,0.997,0.003,eye_closure+blink_duration+yawning+head_pose,Good,False
2026-07-23T13:39:05,Not Drowsy,0.997,0.003,eye_closure+blink_duration+yawning+head_pose,Good,False
2026-07-23T13:39:06,Not Drowsy,0.996,0.004,eye_closure+blink_duration+yawning+head_pose,Good,False
2026-07-23T13:39:06,Not Drowsy,0.997,0.003,eye_closure+blink_duration+yawning+head_pose,Good,False
2026-07-23T13:39:06,Not Drowsy,0.996,0.004,eye_closure+blink_duration+yawning+head_pose,Good,False
2026-07-23T13:39:07,Not Drowsy,0.996,0.004,eye_closure+blink_duration+yawning+head_pose,Good,False
2026-07-23T13:39:07,Not Drowsy,0.995,0.005,eye_closure+blink_duration+yawning+head_pose,Good,False
2026-07-23T13:39:07,Not Drowsy,0.996,0.004,eye_closure+blink_duration+yawning+head_pose,Good,False
2026-07-23T13:39:08,Not Drowsy,0.995,0.337,eye_closure+blink_duration+yawning+head_pose,Good,False
2026-07-23T13:39:08,Not Drowsy,0.993,0.339,eye_closure+blink_duration+yawning+head_pose,Good,False
2026-07-23T13:39:08,Not Drowsy,0.994,0.006,eye_closure+blink_duration+yawning+head_pose,Good,False
2026-07-23T13:39:09,Not Drowsy,0.993,0.007,eye_closure+blink_duration+yawning+head_pose,Good,False
2026-07-23T13:39:09,Not Drowsy,0.993,0.007,eye_closure+blink_duration+yawning+head_pose,Good,False
2026-07-23T13:39:09,Not Drowsy,0.991,0.009,eye_closure+blink_duration+yawning+head_pose,Good,False
2026-07-23T13:39:09,Not Drowsy,0.994,0.006,eye_closure+blink_duration+yawning+head_pose,Good,False
2026-07-23T13:39:10,Not Drowsy,0.994,0.006,eye_closure+blink_duration+yawning+head_pose,Good,False
2026-07-23T13:39:10,Not Drowsy,0.994,0.006,eye_closure+blink_duration+yawning+head_pose,Good,False
2026-07-23T13:39:10,Not Drowsy,0.988,0.012,eye_closure+blink_duration+yawning+head_pose,Good,False
2026-07-23T13:39:11,Not Drowsy,0.957,0.042,eye_closure+blink_duration+yawning+head_pose,Good,False
2026-07-23T13:39:11,Not Drowsy,0.941,0.381,eye_closure+blink_duration+yawning+head_pose,Good,False
2026-07-23T13:39:11,Not Drowsy,0.944,0.378,eye_closure+blink_duration+yawning+head_pose,Good,False
2026-07-23T13:39:11,Not Drowsy,0.938,0.060,eye_closure+blink_duration+yawning+head_pose,Good,False
2026-07-23T13:39:12,Not Drowsy,0.934,0.064,eye_closure+blink_duration+yawning+head_pose,Good,False
2026-07-23T13:39:12,Not Drowsy,0.968,0.032,eye_closure+blink_duration+yawning+head_pose,Good,False
2026-07-23T13:39:12,Not Drowsy,0.983,0.017,eye_closure+blink_duration+yawning+head_pose,Good,False
2026-07-23T13:39:13,Not Drowsy,0.984,0.016,eye_closure+blink_duration+yawning+head_pose,Good,False
2026-07-23T13:39:13,Not Drowsy,0.974,0.026,eye_closure+blink_duration+yawning+head_pose,Good,False
2026-07-23T13:39:13,Not Drowsy,0.940,0.058,eye_closure+blink_duration+yawning+head_pose,Good,False
2026-07-23T13:39:14,Not Drowsy,0.938,0.060,eye_closure+blink_duration+yawning+head_pose,Good,False
2026-07-23T13:39:14,Not Drowsy,0.952,0.047,eye_closure+blink_duration+yawning+head_pose,Good,False
2026-07-23T13:39:14,Not Drowsy,0.955,0.044,eye_closure+blink_duration+yawning+head_pose,Good,False
2026-07-23T13:39:15,Not Drowsy,0.983,0.016,eye_closure+blink_duration+yawning+head_pose,Good,False
2026-07-23T13:39:15,Not Drowsy,0.984,0.015,eye_closure+blink_duration+yawning+head_pose,Good,False
2026-07-23T13:39:15,Not Drowsy,0.965,0.035,eye_closure+blink_duration+yawning+head_pose,Good,False
2026-07-23T13:39:15,Not Drowsy,0.950,0.049,eye_closure+blink_duration+yawning+head_pose,Good,False
2026-07-23T13:39:16,Not Drowsy,0.953,0.046,eye_closure+blink_duration+yawning+head_pose,Good,False
2026-07-23T13:39:16,Not Drowsy,0.948,0.375,eye_closure+blink_duration+yawning+head_pose,Good,False
2026-07-23T13:39:16,Not Drowsy,0.931,0.066,eye_closure+blink_duration+yawning+head_pose,Good,False
2026-07-23T13:39:17,Not Drowsy,0.924,0.073,eye_closure+blink_duration+yawning+head_pose,Good,False
2026-07-23T13:39:17,Not Drowsy,0.974,0.025,eye_closure+blink_duration+yawning+head_pose,Good,False
2026-07-23T13:39:17,Not Drowsy,1.000,0.000,eye_closure+blink_duration+yawning+head_pose,Good,False
2026-07-23T13:39:18,Not Drowsy,1.000,0.000,eye_closure+blink_duration+yawning+head_pose,Good,False
2026-07-23T13:39:18,Not Drowsy,0.998,0.002,eye_closure+blink_duration+yawning+head_pose,Good,False
2026-07-23T13:39:18,Not Drowsy,1.000,0.000,eye_closure+blink_duration+yawning+head_pose,Good,False
2026-07-23T13:39:18,Not Drowsy,0.957,0.369,eye_closure+blink_duration+yawning+head_pose,Good,False
2026-07-23T13:39:19,Not Drowsy,0.995,0.338,eye_closure+blink_duration+yawning+head_pose,Good,False
2026-07-23T13:39:19,Not Drowsy,0.981,0.019,eye_closure+blink_duration+yawning+head_pose,Good,False
2026-07-23T13:39:19,Not Drowsy,0.957,0.042,eye_closure+blink_duration+yawning+head_pose,Good,False
2026-07-23T13:39:20,Not Drowsy,0.955,0.044,eye_closure+blink_duration+yawning+head_pose,Good,False
2026-07-23T13:39:20,Not Drowsy,0.983,0.017,eye_closure+blink_duration+yawning+head_pose,Good,False
2026-07-23T13:39:20,Not Drowsy,0.985,0.015,eye_closure+blink_duration+yawning+head_pose,Good,False
2026-07-23T13:39:21,Not Drowsy,0.974,0.026,eye_closure+blink_duration+yawning+head_pose,Good,False
2026-07-23T13:39:21,Not Drowsy,0.977,0.022,eye_closure+blink_duration+yawning+head_pose,Good,False
2026-07-23T13:39:21,Not Drowsy,0.963,0.036,eye_closure+blink_duration+yawning+head_pose,Good,False
2026-07-23T13:39:21,Not Drowsy,0.980,0.020,eye_closure+blink_duration+yawning+head_pose,Good,False
2026-07-23T13:39:22,Not Drowsy,0.983,0.017,eye_closure+blink_duration+yawning+head_pose,Good,False
2026-07-23T13:39:22,Not Drowsy,0.988,0.012,eye_closure+blink_duration+yawning+head_pose,Good,False
2026-07-23T13:39:22,Not Drowsy,0.991,0.009,eye_closure+blink_duration+yawning+head_pose,Good,False
2026-07-23T13:39:23,Not Drowsy,0.987,0.344,eye_closure+blink_duration+yawning+head_pose,Good,False
2026-07-23T13:39:23,Not Drowsy,0.986,0.014,eye_closure+blink_duration+yawning+head_pose,Good,False
2026-07-23T13:39:23,Not Drowsy,0.983,0.017,eye_closure+blink_duration+yawning+head_pose,Good,False
2026-07-23T13:39:24,Not Drowsy,0.991,0.009,eye_closure+blink_duration+yawning+head_pose,Good,False
2026-07-23T13:39:24,Not Drowsy,0.996,0.004,eye_closure+blink_duration+yawning+head_pose,Good,False
2026-07-23T13:39:24,Not Drowsy,0.998,0.002,eye_closure+blink_duration+yawning+head_pose,Good,False
2026-07-23T13:39:25,Not Drowsy,0.997,0.003,eye_closure+blink_duration+yawning+head_pose,Good,False
2026-07-23T13:39:25,Not Drowsy,0.994,0.005,eye_closure+blink_duration+yawning+head_pose,Good,False
2026-07-23T13:39:25,Not Drowsy,0.990,0.010,eye_closure+blink_duration+yawning+head_pose,Good,False
2026-07-23T13:39:25,Not Drowsy,0.989,0.011,eye_closure+blink_duration+yawning+head_pose,Good,False
2026-07-23T13:39:26,Not Drowsy,0.986,0.014,eye_closure+blink_duration+yawning+head_pose,Good,False
2026-07-23T13:39:26,Not Drowsy,0.985,0.015,eye_closure+blink_duration+yawning+head_pose,Good,False
2026-07-23T13:39:26,Not Drowsy,0.985,0.015,eye_closure+blink_duration+yawning+head_pose,Good,False
2026-07-23T13:39:27,Not Drowsy,0.982,0.018,eye_closure+blink_duration+yawning+head_pose,Good,False
2026-07-23T13:39:27,Not Drowsy,0.979,0.021,eye_closure+blink_duration+yawning+head_pose,Good,False
2026-07-23T13:39:27,Not Drowsy,0.978,0.022,eye_closure+blink_duration+yawning+head_pose,Good,False
2026-07-23T13:39:28,Not Drowsy,0.976,0.024,eye_closure+blink_duration+yawning+head_pose,Good,False
2026-07-23T13:39:28,Not Drowsy,0.976,0.024,eye_closure+blink_duration+yawning+head_pose,Good,False
2026-07-23T13:39:28,Not Drowsy,0.976,0.024,eye_closure+blink_duration+yawning+head_pose,Good,False
2026-07-23T13:39:28,Not Drowsy,0.976,0.024,eye_closure+blink_duration+yawning+head_pose,Good,False
2026-07-23T13:39:29,Not Drowsy,0.975,0.025,eye_closure+blink_duration+yawning+head_pose,Good,False
2026-07-23T13:39:29,Not Drowsy,0.976,0.023,eye_closure+blink_duration+yawning+head_pose,Good,False
2026-07-23T13:39:29,Not Drowsy,0.976,0.023,eye_closure+blink_duration+yawning+head_pose,Good,False
2026-07-23T13:39:30,Not Drowsy,0.977,0.023,eye_closure+blink_duration+yawning+head_pose,Good,False
2026-07-23T13:39:30,Not Drowsy,0.977,0.023,eye_closure+blink_duration+yawning+head_pose,Good,False
2026-07-23T13:39:30,Not Drowsy,0.979,0.021,eye_closure+blink_duration+yawning+head_pose,Good,False
2026-07-23T13:39:31,Not Drowsy,0.978,0.022,eye_closure+blink_duration+yawning+head_pose,Good,False
2026-07-23T13:39:31,Not Drowsy,0.977,0.022,eye_closure+blink_duration+yawning+head_pose,Good,False
2026-07-23T13:39:31,Not Drowsy,0.977,0.022,eye_closure+blink_duration+yawning+head_pose,Good,False
2026-07-23T13:39:32,Not Drowsy,0.977,0.022,eye_closure+blink_duration+yawning+head_pose,Good,False
2026-07-23T13:39:32,Not Drowsy,0.976,0.024,eye_closure+blink_duration+yawning+head_pose,Good,False
2026-07-23T13:39:32,Not Drowsy,0.978,0.022,eye_closure+blink_duration+yawning+head_pose,Good,False
2026-07-23T13:39:33,Not Drowsy,0.977,0.023,eye_closure+blink_duration+yawning+head_pose,Good,False
2026-07-23T13:39:33,Not Drowsy,0.977,0.023,eye_closure+blink_duration+yawning+head_pose,Good,False
2026-07-23T13:39:33,Not Drowsy,0.976,0.024,eye_closure+blink_duration+yawning+head_pose,Good,False
2026-07-23T13:39:34,Not Drowsy,0.977,0.023,eye_closure+blink_duration+yawning+head_pose,Good,False
2026-07-23T13:39:34,Not Drowsy,0.977,0.023,eye_closure+blink_duration+yawning+head_pose,Good,False
2026-07-23T13:39:34,Not Drowsy,0.976,0.024,eye_closure+blink_duration+yawning+head_pose,Good,False
2026-07-23T13:39:35,Not Drowsy,0.973,0.026,eye_closure+blink_duration+yawning+head_pose,Good,False
2026-07-23T13:39:35,Not Drowsy,0.974,0.025,eye_closure+blink_duration+yawning+head_pose,Good,False
2026-07-23T13:39:35,Not Drowsy,0.972,0.027,eye_closure+blink_duration+yawning+head_pose,Good,False
2026-07-23T13:39:35,Not Drowsy,0.971,0.028,eye_closure+blink_duration+yawning+head_pose,Good,False
2026-07-23T13:39:36,Not Drowsy,0.972,0.028,eye_closure+blink_duration+yawning+head_pose,Good,False
2026-07-23T13:39:36,Not Drowsy,0.975,0.024,eye_closure+blink_duration+yawning+head_pose,Good,False
2026-07-23T13:39:36,Not Drowsy,0.975,0.025,eye_closure+blink_duration+yawning+head_pose,Good,False
2026-07-23T13:39:37,Not Drowsy,0.977,0.023,eye_closure+blink_duration+yawning+head_pose,Good,False
2026-07-23T13:39:37,Not Drowsy,0.970,0.030,eye_closure+blink_duration+yawning+head_pose,Good,False
2026-07-23T13:39:37,Not Drowsy,0.959,0.040,eye_closure+blink_duration+yawning+head_pose,Good,False
2026-07-23T13:39:38,Not Drowsy,0.960,0.039,eye_closure+blink_duration+yawning+head_pose,Good,False
2026-07-23T13:39:38,Not Drowsy,0.974,0.026,eye_closure+blink_duration+yawning+head_pose,Good,False
2026-07-23T13:39:38,Not Drowsy,0.984,0.016,eye_closure+blink_duration+yawning+head_pose,Good,False
2026-07-23T13:39:39,Not Drowsy,0.990,0.010,eye_closure+blink_duration+yawning+head_pose,Good,False
2026-07-23T13:39:39,Not Drowsy,0.993,0.007,eye_closure+blink_duration+yawning+head_pose,Good,False
2026-07-23T13:39:39,Not Drowsy,0.992,0.008,eye_closure+blink_duration+yawning+head_pose,Good,False
2026-07-23T13:39:39,Not Drowsy,0.990,0.010,eye_closure+blink_duration+yawning+head_pose,Good,False
2026-07-23T13:39:40,Not Drowsy,0.988,0.012,eye_closure+blink_duration+yawning+head_pose,Good,False
2026-07-23T13:39:40,Not Drowsy,0.985,0.014,eye_closure+blink_duration+yawning+head_pose,Good,False
2026-07-23T13:39:40,Not Drowsy,0.986,0.014,eye_closure+blink_duration+yawning+head_pose,Good,False
2026-07-23T13:39:41,Not Drowsy,0.989,0.011,eye_closure+blink_duration+yawning+head_pose,Good,False
2026-07-23T13:39:41,Not Drowsy,0.991,0.009,eye_closure+blink_duration+yawning+head_pose,Good,False
2026-07-23T13:39:41,Not Drowsy,0.992,0.008,eye_closure+blink_duration+yawning+head_pose,Good,False
2026-07-23T13:39:42,Not Drowsy,0.992,0.008,eye_closure+blink_duration+yawning+head_pose,Good,False
2026-07-23T13:39:42,Not Drowsy,0.985,0.015,eye_closure+blink_duration+yawning+head_pose,Good,False
2026-07-23T13:39:42,Not Drowsy,0.982,0.017,eye_closure+blink_duration+yawning+head_pose,Good,False
2026-07-23T13:39:42,Not Drowsy,0.980,0.020,eye_closure+blink_duration+yawning+head_pose,Good,False
2026-07-23T13:39:43,Not Drowsy,0.972,0.028,eye_closure+blink_duration+yawning+head_pose,Good,False
2026-07-23T13:39:43,Drowsy,0.975,0.683,eye_closure+blink_duration+yawning+head_pose,Good,True
2026-07-23T13:39:43,Not Drowsy,0.900,0.412,eye_closure+blink_duration+yawning+head_pose,Good,False
2026-07-23T13:39:44,Not Drowsy,0.973,0.027,eye_closure+blink_duration+yawning+head_pose,Good,False
2026-07-23T13:39:44,Not Drowsy,0.981,0.349,eye_closure+blink_duration+yawning+head_pose,Good,False
2026-07-23T13:39:44,Not Drowsy,1.000,0.333,eye_closure+blink_duration+yawning+head_pose,Good,False
2026-07-23T13:39:45,Not Drowsy,0.987,0.013,eye_closure+blink_duration+yawning+head_pose,Good,False
2026-07-23T13:39:45,Not Drowsy,0.993,0.007,eye_closure+blink_duration+yawning+head_pose,Good,False
2026-07-23T13:39:45,Not Drowsy,0.993,0.007,eye_closure+blink_duration+yawning+head_pose,Good,False
2026-07-23T13:39:46,Not Drowsy,0.993,0.007,eye_closure+blink_duration+yawning+head_pose,Good,False
2026-07-23T13:39:46,Not Drowsy,0.994,0.006,eye_closure+blink_duration+yawning+head_pose,Good,False
2026-07-23T13:39:46,Not Drowsy,0.994,0.006,eye_closure+blink_duration+yawning+head_pose,Good,False
2026-07-23T13:39:46,Not Drowsy,0.995,0.005,eye_closure+blink_duration+yawning+head_pose,Good,False
2026-07-23T13:39:47,Not Drowsy,0.995,0.005,eye_closure+blink_duration+yawning+head_pose,Good,False
2026-07-23T13:39:47,Not Drowsy,0.994,0.006,eye_closure+blink_duration+yawning+head_pose,Good,False
2026-07-23T13:39:47,Not Drowsy,0.995,0.005,eye_closure+blink_duration+yawning+head_pose,Good,False
2026-07-23T13:39:48,Not Drowsy,0.994,0.006,eye_closure+blink_duration+yawning+head_pose,Good,False
2026-07-23T13:39:48,Not Drowsy,0.995,0.005,eye_closure+blink_duration+yawning+head_pose,Good,False
2026-07-23T13:39:48,Not Drowsy,0.995,0.005,eye_closure+blink_duration+yawning+head_pose,Good,False
2026-07-23T13:39:49,Not Drowsy,0.990,0.010,eye_closure+blink_duration+yawning+head_pose,Good,False
2026-07-23T13:39:49,Not Drowsy,0.985,0.346,eye_closure+blink_duration+yawning+head_pose,Good,False
2026-07-23T13:39:49,Not Drowsy,0.987,0.344,eye_closure+blink_duration+yawning+head_pose,Good,False
2026-07-23T13:39:49,Not Drowsy,0.991,0.341,eye_closure+blink_duration+yawning+head_pose,Good,False
2026-07-23T13:39:50,Not Drowsy,0.984,0.347,eye_closure+blink_duration+yawning+head_pose,Good,False
2026-07-23T13:39:50,Drowsy,0.947,0.700,eye_closure+blink_duration+yawning+head_pose,Good,True
2026-07-23T13:39:50,Not Drowsy,0.946,0.377,eye_closure+blink_duration+yawning+head_pose,Good,False
2026-07-23T13:39:51,Not Drowsy,0.965,0.362,eye_closure+blink_duration+yawning+head_pose,Good,False
2026-07-23T13:39:51,Not Drowsy,0.960,0.366,eye_closure+blink_duration+yawning+head_pose,Good,False
2026-07-23T13:39:51,Not Drowsy,0.960,0.365,eye_closure+blink_duration+yawning+head_pose,Good,False
2026-07-23T13:39:52,Not Drowsy,0.959,0.367,eye_closure+blink_duration+yawning+head_pose,Good,False
2026-07-23T13:39:52,Not Drowsy,0.962,0.365,eye_closure+blink_duration+yawning+head_pose,Good,False
2026-07-23T13:39:52,Not Drowsy,0.959,0.367,eye_closure+blink_duration+yawning+head_pose,Good,False
2026-07-23T13:39:53,Not Drowsy,0.966,0.361,eye_closure+blink_duration+yawning+head_pose,Good,False
2026-07-23T13:39:53,Not Drowsy,0.958,0.368,eye_closure+blink_duration+yawning+head_pose,Good,False
2026-07-23T13:39:53,Not Drowsy,0.955,0.044,eye_closure+blink_duration+yawning+head_pose,Good,False
2026-07-23T13:39:53,Not Drowsy,0.954,0.044,eye_closure+blink_duration+yawning+head_pose,Good,False
2026-07-23T13:39:54,Not Drowsy,0.958,0.041,eye_closure+blink_duration+yawning+head_pose,Good,False
2026-07-23T13:39:54,Not Drowsy,0.951,0.373,eye_closure+blink_duration+yawning+head_pose,Good,False
2026-07-23T13:39:54,Not Drowsy,0.957,0.368,eye_closure+blink_duration+yawning+head_pose,Good,False
2026-07-23T13:39:55,Not Drowsy,0.959,0.040,eye_closure+blink_duration+yawning+head_pose,Good,False
2026-07-23T13:39:55,Drowsy,0.956,0.695,eye_closure+blink_duration+yawning+head_pose,Good,True
2026-07-23T13:39:55,Not Drowsy,0.990,0.341,eye_closure+blink_duration+yawning+head_pose,Good,False
2026-07-23T13:39:56,Not Drowsy,1.000,0.334,eye_closure+blink_duration+yawning+head_pose,Good,False
2026-07-23T13:39:56,Not Drowsy,0.980,0.349,eye_closure+blink_duration+yawning+head_pose,Good,False
2026-07-23T13:39:56,Not Drowsy,0.959,0.040,eye_closure+blink_duration+yawning+head_pose,Good,False
2026-07-23T13:39:56,Not Drowsy,0.982,0.018,eye_closure+blink_duration+yawning+head_pose,Good,False
2026-07-23T13:39:57,Not Drowsy,0.985,0.015,eye_closure+blink_duration+yawning+head_pose,Good,False
2026-07-23T13:39:57,Not Drowsy,0.981,0.018,eye_closure+blink_duration+yawning+head_pose,Good,False
2026-07-23T13:39:57,Not Drowsy,0.982,0.018,eye_closure+blink_duration+yawning+head_pose,Good,False
2026-07-23T13:39:58,Not Drowsy,0.981,0.019,eye_closure+blink_duration+yawning+head_pose,Good,False
2026-07-23T13:39:58,Not Drowsy,0.957,0.042,eye_closure+blink_duration+yawning+head_pose,Good,False
2026-07-23T13:39:58,Not Drowsy,0.955,0.044,eye_closure+blink_duration+yawning+head_pose,Good,False
2026-07-23T13:39:59,Not Drowsy,0.952,0.047,eye_closure+blink_duration+yawning+head_pose,Good,False
2026-07-23T13:39:59,Not Drowsy,0.952,0.047,eye_closure+blink_duration+yawning+head_pose,Good,False
2026-07-23T13:39:59,Not Drowsy,0.952,0.046,eye_closure+blink_duration+yawning+head_pose,Good,False
2026-07-23T13:39:59,Not Drowsy,0.952,0.046,eye_closure+blink_duration+yawning+head_pose,Good,False
2026-07-23T13:40:00,Not Drowsy,0.950,0.048,eye_closure+blink_duration+yawning+head_pose,Good,False
2026-07-23T13:40:00,Not Drowsy,0.951,0.047,eye_closure+blink_duration+yawning+head_pose,Good,False
2026-07-23T13:40:00,Not Drowsy,0.949,0.050,eye_closure+blink_duration+yawning+head_pose,Good,False
2026-07-23T17:48:17,Insufficient Data,0.000,0.000,none,Insufficient Data (poor lighting),False
2026-07-23T17:48:19,Not Drowsy,0.929,0.068,eye_closure+blink_duration+yawning+head_pose,Good,False
2026-07-23T17:48:19,Not Drowsy,0.968,0.031,eye_closure+blink_duration+yawning+head_pose,Good,False
2026-07-23T17:48:19,Not Drowsy,0.947,0.052,eye_closure+blink_duration+yawning+head_pose,Good,False
2026-07-23T17:48:20,Not Drowsy,0.946,0.052,eye_closure+blink_duration+yawning+head_pose,Good,False
2026-07-23T17:48:20,Not Drowsy,0.949,0.050,eye_closure+blink_duration+yawning+head_pose,Good,False
2026-07-23T17:48:20,Not Drowsy,0.954,0.045,eye_closure+blink_duration+yawning+head_pose,Good,False
2026-07-23T17:48:20,Not Drowsy,0.958,0.041,eye_closure+blink_duration+yawning+head_pose,Good,False
2026-07-23T17:48:21,Not Drowsy,0.955,0.044,eye_closure+blink_duration+yawning+head_pose,Good,False
2026-07-23T17:48:21,Not Drowsy,0.956,0.043,eye_closure+blink_duration+yawning+head_pose,Good,False
2026-07-23T17:48:21,Not Drowsy,0.952,0.046,eye_closure+blink_duration+yawning+head_pose,Good,False
2026-07-23T17:48:22,Not Drowsy,0.953,0.045,eye_closure+blink_duration+yawning+head_pose,Good,False
2026-07-23T17:48:22,Not Drowsy,0.954,0.045,eye_closure+blink_duration+yawning+head_pose,Good,False
2026-07-23T17:48:22,Not Drowsy,0.958,0.041,eye_closure+blink_duration+yawning+head_pose,Good,False
2026-07-23T17:48:22,Not Drowsy,0.964,0.036,eye_closure+blink_duration+yawning+head_pose,Good,False
2026-07-23T17:48:23,Not Drowsy,0.962,0.037,eye_closure+blink_duration+yawning+head_pose,Good,False
2026-07-23T17:48:23,Not Drowsy,0.966,0.034,eye_closure+blink_duration+yawning+head_pose,Good,False
2026-07-23T17:48:23,Not Drowsy,0.964,0.036,eye_closure+blink_duration+yawning+head_pose,Good,False
2026-07-23T17:48:23,Not Drowsy,0.956,0.043,eye_closure+blink_duration+yawning+head_pose,Good,False
2026-07-23T17:48:24,Not Drowsy,0.961,0.038,eye_closure+blink_duration+yawning+head_pose,Good,False
2026-07-23T17:48:24,Not Drowsy,0.962,0.037,eye_closure+blink_duration+yawning+head_pose,Good,False
2026-07-23T17:48:24,Not Drowsy,0.959,0.040,eye_closure+blink_duration+yawning+head_pose,Good,False
2026-07-23T17:48:25,Not Drowsy,0.957,0.043,eye_closure+blink_duration+yawning+head_pose,Good,False
2026-07-23T17:48:25,Not Drowsy,0.957,0.042,eye_closure+blink_duration+yawning+head_pose,Good,False
2026-07-23T17:48:25,Not Drowsy,0.961,0.038,eye_closure+blink_duration+yawning+head_pose,Good,False
2026-07-23T17:48:25,Not Drowsy,0.962,0.037,eye_closure+blink_duration+yawning+head_pose,Good,False
2026-07-23T17:48:26,Not Drowsy,0.962,0.037,eye_closure+blink_duration+yawning+head_pose,Good,False
2026-07-23T17:48:26,Not Drowsy,0.966,0.034,eye_closure+blink_duration+yawning+head_pose,Good,False
2026-07-23T17:48:26,Not Drowsy,0.847,0.141,eye_closure+blink_duration+yawning+head_pose,Good,False
2026-07-23T17:48:26,Not Drowsy,0.847,0.142,eye_closure+blink_duration+yawning+head_pose,Good,False
2026-07-23T17:48:27,Not Drowsy,0.851,0.138,eye_closure+blink_duration+yawning+head_pose,Good,False
2026-07-23T17:48:27,Not Drowsy,0.868,0.124,eye_closure+blink_duration+yawning+head_pose,Good,False
2026-07-23T17:48:27,Not Drowsy,0.893,0.101,eye_closure+blink_duration+yawning+head_pose,Good,False
2026-07-23T17:48:27,Not Drowsy,0.945,0.053,eye_closure+blink_duration+yawning+head_pose,Good,False
2026-07-23T17:48:28,Not Drowsy,0.951,0.048,eye_closure+blink_duration+yawning+head_pose,Good,False
2026-07-23T17:48:28,Not Drowsy,0.968,0.032,eye_closure+blink_duration+yawning+head_pose,Good,False
2026-07-23T17:48:28,Not Drowsy,0.976,0.023,eye_closure+blink_duration+yawning+head_pose,Good,False
2026-07-23T17:48:28,Not Drowsy,0.968,0.032,eye_closure+blink_duration+yawning+head_pose,Good,False
2026-07-23T17:48:29,Not Drowsy,0.954,0.045,eye_closure+blink_duration+yawning+head_pose,Good,False
2026-07-23T17:48:29,Not Drowsy,0.956,0.043,eye_closure+blink_duration+yawning+head_pose,Good,False
2026-07-23T17:48:29,Not Drowsy,0.968,0.031,eye_closure+blink_duration+yawning+head_pose,Good,False
2026-07-23T17:48:29,Not Drowsy,0.966,0.034,eye_closure+blink_duration+yawning+head_pose,Good,False
2026-07-23T17:48:30,Not Drowsy,0.968,0.031,eye_closure+blink_duration+yawning+head_pose,Good,False
2026-07-23T17:48:30,Not Drowsy,0.966,0.034,eye_closure+blink_duration+yawning+head_pose,Good,False
2026-07-23T17:48:30,Not Drowsy,0.970,0.030,eye_closure+blink_duration+yawning+head_pose,Good,False
2026-07-23T17:48:30,Not Drowsy,0.962,0.037,eye_closure+blink_duration+yawning+head_pose,Good,False
2026-07-23T17:48:31,Not Drowsy,0.963,0.036,eye_closure+blink_duration+yawning+head_pose,Good,False
2026-07-23T17:48:31,Not Drowsy,0.967,0.033,eye_closure+blink_duration+yawning+head_pose,Good,False
2026-07-23T17:48:31,Not Drowsy,0.973,0.355,eye_closure+blink_duration+yawning+head_pose,Good,False
2026-07-23T17:48:31,Not Drowsy,0.972,0.027,eye_closure+blink_duration+yawning+head_pose,Good,False
2026-07-23T17:48:32,Not Drowsy,0.971,0.029,eye_closure+blink_duration+yawning+head_pose,Good,False
2026-07-23T17:48:32,Not Drowsy,0.975,0.025,eye_closure+blink_duration+yawning+head_pose,Good,False
2026-07-23T17:48:32,Not Drowsy,0.970,0.029,eye_closure+blink_duration+yawning+head_pose,Good,False
2026-07-23T17:48:32,Not Drowsy,0.975,0.025,eye_closure+blink_duration+yawning+head_pose,Good,False
2026-07-23T17:48:33,Not Drowsy,0.977,0.023,eye_closure+blink_duration+yawning+head_pose,Good,False
2026-07-23T17:48:33,Not Drowsy,0.977,0.023,eye_closure+blink_duration+yawning+head_pose,Good,False
2026-07-23T17:48:33,Not Drowsy,0.975,0.024,eye_closure+blink_duration+yawning+head_pose,Good,False
2026-07-23T17:48:34,Not Drowsy,0.975,0.025,eye_closure+blink_duration+yawning+head_pose,Good,False
2026-07-23T17:48:34,Not Drowsy,0.975,0.025,eye_closure+blink_duration+yawning+head_pose,Good,False
2026-07-23T17:48:34,Not Drowsy,0.975,0.025,eye_closure+blink_duration+yawning+head_pose,Good,False
2026-07-23T17:48:34,Not Drowsy,0.975,0.025,eye_closure+blink_duration+yawning+head_pose,Good,False
2026-07-23T17:48:35,Not Drowsy,0.978,0.022,eye_closure+blink_duration+yawning+head_pose,Good,False
2026-07-23T17:48:35,Not Drowsy,0.976,0.023,eye_closure+blink_duration+yawning+head_pose,Good,False
2026-07-23T17:48:35,Not Drowsy,0.975,0.024,eye_closure+blink_duration+yawning+head_pose,Good,False
2026-07-23T17:48:35,Not Drowsy,0.978,0.351,eye_closure+blink_duration+yawning+head_pose,Good,False
2026-07-23T17:48:36,Not Drowsy,0.978,0.351,eye_closure+blink_duration+yawning+head_pose,Good,False
2026-07-23T17:48:36,Not Drowsy,0.979,0.351,eye_closure+blink_duration+yawning+head_pose,Good,False
2026-07-23T17:48:36,Not Drowsy,0.979,0.350,eye_closure+blink_duration+yawning+head_pose,Good,False
2026-07-23T17:48:37,Not Drowsy,0.979,0.351,eye_closure+blink_duration+yawning+head_pose,Good,False
2026-07-23T17:48:37,Not Drowsy,0.979,0.351,eye_closure+blink_duration+yawning+head_pose,Good,False
2026-07-23T17:48:37,Not Drowsy,0.978,0.351,eye_closure+blink_duration+yawning+head_pose,Good,False
2026-07-23T17:48:37,Not Drowsy,0.978,0.351,eye_closure+blink_duration+yawning+head_pose,Good,False
2026-07-23T17:48:38,Not Drowsy,0.978,0.351,eye_closure+blink_duration+yawning+head_pose,Good,False
2026-07-23T17:48:38,Not Drowsy,0.978,0.351,eye_closure+blink_duration+yawning+head_pose,Good,False
2026-07-23T17:48:38,Not Drowsy,0.979,0.351,eye_closure+blink_duration+yawning+head_pose,Good,False
2026-07-23T17:48:38,Not Drowsy,0.979,0.350,eye_closure+blink_duration+yawning+head_pose,Good,False
2026-07-23T17:48:39,Not Drowsy,0.979,0.351,eye_closure+blink_duration+yawning+head_pose,Good,False
2026-07-23T17:48:39,Not Drowsy,0.979,0.350,eye_closure+blink_duration+yawning+head_pose,Good,False
2026-07-23T17:48:39,Not Drowsy,0.980,0.350,eye_closure+blink_duration+yawning+head_pose,Good,False
2026-07-23T17:48:40,Not Drowsy,0.979,0.351,eye_closure+blink_duration+yawning+head_pose,Good,False
2026-07-23T17:48:40,Not Drowsy,0.978,0.351,eye_closure+blink_duration+yawning+head_pose,Good,False
2026-07-23T17:48:40,Not Drowsy,0.978,0.351,eye_closure+blink_duration+yawning+head_pose,Good,False
2026-07-23T17:48:40,Not Drowsy,0.976,0.353,eye_closure+blink_duration+yawning+head_pose,Good,False
2026-07-23T17:48:41,Not Drowsy,0.971,0.357,eye_closure+blink_duration+yawning+head_pose,Good,False
2026-07-23T17:48:41,Not Drowsy,0.968,0.360,eye_closure+blink_duration+yawning+head_pose,Good,False
2026-07-23T17:48:41,Not Drowsy,0.969,0.359,eye_closure+blink_duration+yawning+head_pose,Good,False
2026-07-23T17:48:41,Not Drowsy,0.970,0.030,eye_closure+blink_duration+yawning+head_pose,Good,False
2026-07-23T17:48:42,Not Drowsy,0.969,0.358,eye_closure+blink_duration+yawning+head_pose,Good,False
2026-07-23T17:48:42,Not Drowsy,0.969,0.359,eye_closure+blink_duration+yawning+head_pose,Good,False
2026-07-23T17:48:42,Not Drowsy,0.969,0.359,eye_closure+blink_duration+yawning+head_pose,Good,False
2026-07-23T17:48:42,Not Drowsy,0.968,0.359,eye_closure+blink_duration+yawning+head_pose,Good,False
2026-07-23T17:48:43,Not Drowsy,0.966,0.361,eye_closure+blink_duration+yawning+head_pose,Good,False
2026-07-23T17:48:43,Drowsy,0.966,0.689,eye_closure+blink_duration+yawning+head_pose,Good,True
2026-07-23T17:48:43,Not Drowsy,0.965,0.362,eye_closure+blink_duration+yawning+head_pose,Good,False
2026-07-23T17:48:43,Drowsy,0.959,0.693,eye_closure+blink_duration+yawning+head_pose,Good,False
2026-07-23T17:48:44,Drowsy,0.958,0.694,eye_closure+blink_duration+yawning+head_pose,Good,False
2026-07-23T17:48:44,Drowsy,0.959,0.693,eye_closure+blink_duration+yawning+head_pose,Good,False
2026-07-23T17:48:44,Drowsy,0.959,0.693,eye_closure+blink_duration+yawning+head_pose,Good,False
2026-07-23T17:48:44,Drowsy,0.959,0.693,eye_closure+blink_duration+yawning+head_pose,Good,False
2026-07-23T17:48:45,Drowsy,0.957,0.694,eye_closure+blink_duration+yawning+head_pose,Good,False
2026-07-23T17:48:45,Drowsy,0.958,0.694,eye_closure+blink_duration+yawning+head_pose,Good,False
2026-07-23T17:48:45,Drowsy,0.959,0.693,eye_closure+blink_duration+yawning+head_pose,Good,False
2026-07-23T17:48:46,Drowsy,0.960,0.692,eye_closure+blink_duration+yawning+head_pose,Good,False
2026-07-23T17:48:46,Drowsy,0.959,0.693,eye_closure+blink_duration+yawning+head_pose,Good,True
2026-07-23T17:48:46,Drowsy,0.958,0.694,eye_closure+blink_duration+yawning+head_pose,Good,False
2026-07-23T17:48:46,Drowsy,0.958,0.694,eye_closure+blink_duration+yawning+head_pose,Good,False
2026-07-23T17:48:47,Drowsy,0.960,0.693,eye_closure+blink_duration+yawning+head_pose,Good,False
2026-07-23T17:48:47,Drowsy,0.959,0.693,eye_closure+blink_duration+yawning+head_pose,Good,False
2026-07-23T17:48:47,Not Drowsy,0.960,0.366,eye_closure+blink_duration+yawning+head_pose,Good,False
2026-07-23T17:48:47,Drowsy,0.958,0.694,eye_closure+blink_duration+yawning+head_pose,Good,False
2026-07-23T17:48:48,Drowsy,0.960,0.692,eye_closure+blink_duration+yawning+head_pose,Good,False
2026-07-23T17:48:48,Drowsy,0.960,0.692,eye_closure+blink_duration+yawning+head_pose,Good,False
2026-07-23T17:48:48,Drowsy,0.960,0.693,eye_closure+blink_duration+yawning+head_pose,Good,False
2026-07-23T17:48:48,Not Drowsy,0.958,0.041,eye_closure+blink_duration+yawning+head_pose,Good,False
2026-07-23T17:48:49,Not Drowsy,0.959,0.040,eye_closure+blink_duration+yawning+head_pose,Good,False
2026-07-23T17:48:49,Not Drowsy,0.960,0.040,eye_closure+blink_duration+yawning+head_pose,Good,False
2026-07-23T17:48:49,Not Drowsy,0.951,0.047,eye_closure+blink_duration+yawning+head_pose,Good,False
2026-07-23T17:48:50,Not Drowsy,0.957,0.042,eye_closure+blink_duration+yawning+head_pose,Good,False
2026-07-23T17:48:50,Not Drowsy,0.966,0.034,eye_closure+blink_duration+yawning+head_pose,Good,False
2026-07-23T17:48:50,Not Drowsy,0.963,0.036,eye_closure+blink_duration+yawning+head_pose,Good,False
2026-07-23T17:48:50,Not Drowsy,0.964,0.035,eye_closure+blink_duration+yawning+head_pose,Good,False
2026-07-23T17:48:51,Not Drowsy,0.968,0.359,eye_closure+blink_duration+yawning+head_pose,Good,False
2026-07-23T17:48:51,Not Drowsy,0.965,0.034,eye_closure+blink_duration+yawning+head_pose,Good,False
2026-07-23T17:48:51,Not Drowsy,0.965,0.034,eye_closure+blink_duration+yawning+head_pose,Good,False
2026-07-23T17:48:51,Not Drowsy,0.970,0.358,eye_closure+blink_duration+yawning+head_pose,Good,False
2026-07-23T17:48:52,Not Drowsy,0.964,0.036,eye_closure+blink_duration+yawning+head_pose,Good,False
2026-07-23T17:48:52,Not Drowsy,0.960,0.039,eye_closure+blink_duration+yawning+head_pose,Good,False
2026-07-23T17:48:52,Not Drowsy,0.964,0.035,eye_closure+blink_duration+yawning+head_pose,Good,False
2026-07-23T17:48:53,Not Drowsy,0.967,0.032,eye_closure+blink_duration+yawning+head_pose,Good,False
2026-07-23T17:48:53,Not Drowsy,0.969,0.031,eye_closure+blink_duration+yawning+head_pose,Good,False
2026-07-23T17:48:53,Not Drowsy,0.970,0.029,eye_closure+blink_duration+yawning+head_pose,Good,False
2026-07-23T17:48:53,Not Drowsy,0.976,0.024,eye_closure+blink_duration+yawning+head_pose,Good,False
2026-07-23T17:48:54,Not Drowsy,0.977,0.023,eye_closure+blink_duration+yawning+head_pose,Good,False
2026-07-23T17:48:54,Not Drowsy,0.977,0.023,eye_closure+blink_duration+yawning+head_pose,Good,False
2026-07-23T17:48:54,Not Drowsy,0.978,0.022,eye_closure+blink_duration+yawning+head_pose,Good,False
2026-07-23T17:48:55,Not Drowsy,0.977,0.023,eye_closure+blink_duration+yawning+head_pose,Good,False
2026-07-23T17:48:55,Not Drowsy,0.978,0.022,eye_closure+blink_duration+yawning+head_pose,Good,False
2026-07-23T17:48:55,Not Drowsy,0.978,0.022,eye_closure+blink_duration+yawning+head_pose,Good,False
2026-07-23T17:48:55,Not Drowsy,0.976,0.024,eye_closure+blink_duration+yawning+head_pose,Good,False
2026-07-23T17:48:56,Not Drowsy,0.978,0.022,eye_closure+blink_duration+yawning+head_pose,Good,False
2026-07-23T17:48:56,Not Drowsy,0.977,0.022,eye_closure+blink_duration+yawning+head_pose,Good,False
2026-07-23T17:48:56,Not Drowsy,0.975,0.024,eye_closure+blink_duration+yawning+head_pose,Good,False
2026-07-23T17:48:56,Not Drowsy,0.978,0.351,eye_closure+blink_duration+yawning+head_pose,Good,False
2026-07-23T17:48:57,Not Drowsy,0.978,0.352,eye_closure+blink_duration+yawning+head_pose,Good,False
2026-07-23T17:48:57,Not Drowsy,0.969,0.030,eye_closure+blink_duration+yawning+head_pose,Good,False
2026-07-23T17:48:57,Not Drowsy,0.966,0.033,eye_closure+blink_duration+yawning+head_pose,Good,False
2026-07-23T17:48:57,Not Drowsy,0.966,0.033,eye_closure+blink_duration+yawning+head_pose,Good,False
2026-07-23T17:48:58,Not Drowsy,0.967,0.032,eye_closure+blink_duration+yawning+head_pose,Good,False
2026-07-23T17:48:58,Not Drowsy,0.966,0.033,eye_closure+blink_duration+yawning+head_pose,Good,False
2026-07-23T17:48:58,Not Drowsy,0.966,0.033,eye_closure+blink_duration+yawning+head_pose,Good,False
2026-07-23T17:48:59,Not Drowsy,0.961,0.039,eye_closure+blink_duration+yawning+head_pose,Good,False
2026-07-23T17:48:59,Not Drowsy,0.945,0.378,eye_closure+blink_duration+yawning+head_pose,Good,False
2026-07-23T17:48:59,Not Drowsy,0.950,0.374,eye_closure+blink_duration+yawning+head_pose,Good,False
2026-07-23T17:49:00,Not Drowsy,0.931,0.067,eye_closure+blink_duration+yawning+head_pose,Good,False
2026-07-23T17:49:00,Not Drowsy,0.981,0.349,eye_closure+blink_duration+yawning+head_pose,Good,False
2026-07-23T17:49:00,Not Drowsy,0.944,0.379,eye_closure+blink_duration+yawning+head_pose,Good,False
2026-07-23T17:49:00,Not Drowsy,0.964,0.035,eye_closure+blink_duration+yawning+head_pose,Good,False
2026-07-23T17:49:01,Not Drowsy,0.988,0.012,eye_closure+blink_duration+yawning+head_pose,Good,False
2026-07-23T17:49:01,Not Drowsy,0.983,0.017,eye_closure+blink_duration+yawning+head_pose,Good,False
2026-07-23T17:49:01,Not Drowsy,0.977,0.022,eye_closure+blink_duration+yawning+head_pose,Good,False
2026-07-23T17:49:01,Not Drowsy,0.975,0.025,eye_closure+blink_duration+yawning+head_pose,Good,False
2026-07-23T17:49:02,Not Drowsy,0.973,0.026,eye_closure+blink_duration+yawning+head_pose,Good,False
2026-07-23T17:49:02,Not Drowsy,0.972,0.028,eye_closure+blink_duration+yawning+head_pose,Good,False
2026-07-23T17:49:02,Not Drowsy,0.970,0.029,eye_closure+blink_duration+yawning+head_pose,Good,False
2026-07-23T17:49:02,Not Drowsy,0.965,0.035,eye_closure+blink_duration+yawning+head_pose,Good,False
2026-07-23T17:49:03,Not Drowsy,0.979,0.351,eye_closure+blink_duration+yawning+head_pose,Good,False
2026-07-23T17:49:03,Not Drowsy,0.995,0.005,eye_closure+blink_duration+yawning+head_pose,Good,False
2026-07-23T17:49:03,Not Drowsy,0.992,0.008,eye_closure+blink_duration+yawning+head_pose,Good,False
2026-07-23T17:49:03,Not Drowsy,0.813,0.170,eye_closure+blink_duration+yawning+head_pose,Good,False
2026-07-23T17:49:04,Not Drowsy,0.988,0.012,eye_closure+blink_duration+yawning+head_pose,Good,False
2026-07-23T17:49:04,Not Drowsy,0.981,0.019,eye_closure+blink_duration+yawning+head_pose,Good,False
2026-07-23T17:49:04,Not Drowsy,0.954,0.045,eye_closure+blink_duration+yawning+head_pose,Good,False
2026-07-23T17:49:04,Not Drowsy,0.994,0.006,eye_closure+blink_duration+yawning+head_pose,Good,False
2026-07-23T17:49:05,Not Drowsy,0.947,0.052,eye_closure+blink_duration+yawning+head_pose,Good,False
2026-07-23T17:49:05,Not Drowsy,0.994,0.006,eye_closure+blink_duration+yawning+head_pose,Good,False
2026-07-23T17:49:05,Not Drowsy,0.975,0.025,eye_closure+blink_duration+yawning+head_pose,Good,False
2026-07-23T17:49:05,Not Drowsy,0.990,0.010,eye_closure+blink_duration+yawning+head_pose,Good,False
2026-07-23T17:49:06,Not Drowsy,0.976,0.024,eye_closure+blink_duration+yawning+head_pose,Good,False
2026-07-23T17:49:06,Not Drowsy,0.979,0.021,eye_closure+blink_duration+yawning+head_pose,Good,False
2026-07-23T17:49:06,Not Drowsy,0.979,0.021,eye_closure+blink_duration+yawning+head_pose,Good,False
2026-07-23T17:49:07,Not Drowsy,0.989,0.011,eye_closure+blink_duration+yawning+head_pose,Good,False
2026-07-23T17:49:07,Drowsy,0.994,0.670,eye_closure+blink_duration+yawning+head_pose,Good,True
2026-07-23T17:49:07,Drowsy,0.967,0.688,eye_closure+blink_duration+yawning+head_pose,Good,False
2026-07-23T17:49:07,Not Drowsy,0.915,0.400,eye_closure+blink_duration+yawning+head_pose,Good,False
2026-07-23T17:49:08,Not Drowsy,0.942,0.380,eye_closure+blink_duration+yawning+head_pose,Good,False
2026-07-23T17:49:08,Not Drowsy,0.947,0.376,eye_closure+blink_duration+yawning+head_pose,Good,False
2026-07-23T17:49:08,Not Drowsy,0.959,0.366,eye_closure+blink_duration+yawning+head_pose,Good,False
2026-07-23T17:49:08,Not Drowsy,0.944,0.378,eye_closure+blink_duration+yawning+head_pose,Good,False
2026-07-23T17:49:09,Not Drowsy,0.985,0.346,eye_closure+blink_duration+yawning+head_pose,Good,False
2026-07-23T17:49:09,Drowsy,0.961,0.692,eye_closure+blink_duration+yawning+head_pose,Good,False
2026-07-23T17:49:09,Drowsy,0.987,0.675,eye_closure+blink_duration+yawning+head_pose,Good,False
2026-07-23T17:49:09,Drowsy,0.962,0.691,eye_closure+blink_duration+yawning+head_pose,Good,False
2026-07-23T17:49:10,Drowsy,0.974,0.683,eye_closure+blink_duration+yawning+head_pose,Good,False
2026-07-23T17:49:10,Not Drowsy,0.971,0.357,eye_closure+blink_duration+yawning+head_pose,Good,False
2026-07-23T17:49:10,Not Drowsy,0.986,0.014,eye_closure+blink_duration+yawning+head_pose,Good,False
2026-07-23T17:49:10,Not Drowsy,0.986,0.014,eye_closure+blink_duration+yawning+head_pose,Good,False
2026-07-23T17:49:11,Not Drowsy,0.994,0.338,eye_closure+blink_duration+yawning+head_pose,Good,False
2026-07-23T17:49:11,Not Drowsy,0.991,0.008,eye_closure+blink_duration+yawning+head_pose,Good,False
2026-07-23T17:49:11,Not Drowsy,0.992,0.008,eye_closure+blink_duration+yawning+head_pose,Good,False
2026-07-23T17:49:12,Not Drowsy,0.993,0.007,eye_closure+blink_duration+yawning+head_pose,Good,False
2026-07-23T17:49:12,Not Drowsy,0.993,0.007,eye_closure+blink_duration+yawning+head_pose,Good,False
2026-07-23T17:49:12,Not Drowsy,0.994,0.006,eye_closure+blink_duration+yawning+head_pose,Good,False
2026-07-23T17:49:12,Not Drowsy,0.994,0.338,eye_closure+blink_duration+yawning+head_pose,Good,False
2026-07-23T17:49:13,Not Drowsy,0.995,0.337,eye_closure+blink_duration+yawning+head_pose,Good,False
2026-07-23T17:49:13,Not Drowsy,0.997,0.003,eye_closure+blink_duration+yawning+head_pose,Good,False
2026-07-23T17:49:13,Not Drowsy,0.997,0.336,eye_closure+blink_duration+yawning+head_pose,Good,False
2026-07-23T17:49:13,Not Drowsy,0.997,0.003,eye_closure+blink_duration+yawning+head_pose,Good,False
2026-07-23T17:49:14,Not Drowsy,0.989,0.011,eye_closure+blink_duration+yawning+head_pose,Good,False
2026-07-23T17:49:14,Not Drowsy,0.996,0.004,eye_closure+blink_duration+yawning+head_pose,Good,False
2026-07-23T17:49:14,Not Drowsy,0.943,0.379,eye_closure+blink_duration+yawning+head_pose,Good,False
2026-07-23T17:49:14,Not Drowsy,0.996,0.336,eye_closure+blink_duration+yawning+head_pose,Good,False
2026-07-23T17:49:15,Not Drowsy,0.960,0.039,eye_closure+blink_duration+yawning+head_pose,Good,False
2026-07-23T17:49:15,Drowsy,0.978,0.681,eye_closure+blink_duration+yawning+head_pose,Good,True
2026-07-23T17:49:15,Not Drowsy,0.979,0.021,eye_closure+blink_duration+yawning+head_pose,Good,False
2026-07-23T17:49:15,Not Drowsy,0.966,0.033,eye_closure+blink_duration+yawning+head_pose,Good,False
2026-07-23T17:49:16,Not Drowsy,0.982,0.017,eye_closure+blink_duration+yawning+head_pose,Good,False
2026-07-23T17:49:16,Not Drowsy,0.970,0.030,eye_closure+blink_duration+yawning+head_pose,Good,False
2026-07-23T17:49:16,Not Drowsy,0.974,0.355,eye_closure+blink_duration+yawning+head_pose,Good,False
2026-07-23T17:49:16,Not Drowsy,0.981,0.019,eye_closure+blink_duration+yawning+head_pose,Good,False
2026-07-23T17:49:17,Not Drowsy,0.982,0.348,eye_closure+blink_duration+yawning+head_pose,Good,False
2026-07-23T17:49:17,Not Drowsy,0.997,0.003,eye_closure+blink_duration+yawning+head_pose,Good,False
2026-07-23T17:49:17,Drowsy,0.984,0.677,eye_closure+blink_duration+yawning+head_pose,Good,False
2026-07-23T17:49:17,Drowsy,0.996,0.669,eye_closure+blink_duration+yawning+head_pose,Good,False
2026-07-23T17:49:18,Drowsy,0.989,0.674,eye_closure+blink_duration+yawning+head_pose,Good,False
2026-07-23T17:49:18,Drowsy,0.989,0.674,eye_closure+blink_duration+yawning+head_pose,Good,True
2026-07-23T17:49:18,Drowsy,0.993,0.671,eye_closure+blink_duration+yawning+head_pose,Good,False
2026-07-23T17:49:19,Not Drowsy,0.984,0.016,eye_closure+blink_duration+yawning+head_pose,Good,False
2026-07-23T17:49:19,Not Drowsy,0.993,0.006,eye_closure+blink_duration+yawning+head_pose,Good,False
2026-07-23T17:49:19,Not Drowsy,0.992,0.008,eye_closure+blink_duration+yawning+head_pose,Good,False
2026-07-23T17:49:19,Not Drowsy,0.993,0.007,eye_closure+blink_duration+yawning+head_pose,Good,False
2026-07-23T17:49:20,Not Drowsy,0.995,0.005,eye_closure+blink_duration+yawning+head_pose,Good,False
2026-07-23T17:49:20,Not Drowsy,0.988,0.343,eye_closure+blink_duration+yawning+head_pose,Good,False
2026-07-23T17:49:20,Drowsy,0.903,0.726,eye_closure+blink_duration+yawning+head_pose,Good,False
2026-07-23T17:49:20,Insufficient Data,0.000,0.000,none,Insufficient Data (head not sufficiently frontal),False
2026-07-23T17:49:20,Insufficient Data,0.000,0.000,none,Insufficient Data (head not sufficiently frontal),False
2026-07-23T17:49:20,Insufficient Data,0.000,0.000,none,Insufficient Data (head not sufficiently frontal),False
2026-07-23T17:49:20,Insufficient Data,0.000,0.000,none,Insufficient Data (head not sufficiently frontal),False
2026-07-23T17:49:21,Insufficient Data,0.000,0.000,none,Insufficient Data (head not sufficiently frontal),False
2026-07-23T17:49:21,Not Drowsy,0.920,0.077,eye_closure+blink_duration+yawning+head_pose,Good,False
2026-07-23T17:49:21,Insufficient Data,0.000,0.000,none,Insufficient Data (head not sufficiently frontal),False
2026-07-23T17:49:21,Insufficient Data,0.000,0.000,none,Insufficient Data (head not sufficiently frontal),False
2026-07-23T17:49:21,Not Drowsy,0.921,0.396,eye_closure+blink_duration+yawning+head_pose,Good,False
2026-07-23T17:49:21,Insufficient Data,0.000,0.000,none,Insufficient Data (head not sufficiently frontal),False
2026-07-23T17:49:22,Not Drowsy,0.856,0.443,eye_closure+blink_duration+yawning+head_pose,Good,False
2026-07-23T17:49:22,Insufficient Data,0.000,0.000,none,Insufficient Data (head not sufficiently frontal),False
2026-07-23T17:49:22,Not Drowsy,0.878,0.114,eye_closure+blink_duration+yawning+head_pose,Good,False
2026-07-23T17:49:22,Insufficient Data,0.000,0.000,none,Insufficient Data (head not sufficiently frontal),False
2026-07-23T17:49:22,Not Drowsy,0.910,0.404,eye_closure+blink_duration+yawning+head_pose,Good,False
2026-07-23T17:49:22,Insufficient Data,0.000,0.000,none,Insufficient Data (head not sufficiently frontal),False
2026-07-23T17:49:23,Not Drowsy,0.927,0.392,eye_closure+blink_duration+yawning+head_pose,Good,False
2026-07-23T17:49:23,Not Drowsy,0.922,0.395,eye_closure+blink_duration+yawning+head_pose,Good,False
2026-07-23T17:49:23,Not Drowsy,0.934,0.064,eye_closure+blink_duration+yawning+head_pose,Good,False
2026-07-23T17:49:23,Not Drowsy,0.955,0.044,eye_closure+blink_duration+yawning+head_pose,Good,False
2026-07-23T17:49:24,Not Drowsy,0.947,0.051,eye_closure+blink_duration+yawning+head_pose,Good,False
2026-07-23T17:49:24,Not Drowsy,0.965,0.034,eye_closure+blink_duration+yawning+head_pose,Good,False
2026-07-23T17:49:24,Not Drowsy,0.967,0.032,eye_closure+blink_duration+yawning+head_pose,Good,False
2026-07-23T17:49:24,Not Drowsy,0.958,0.041,eye_closure+blink_duration+yawning+head_pose,Good,False
2026-07-23T17:49:25,Not Drowsy,0.964,0.036,eye_closure+blink_duration+yawning+head_pose,Good,False
2026-07-23T17:49:25,Not Drowsy,0.973,0.027,eye_closure+blink_duration+yawning+head_pose,Good,False
2026-07-23T17:49:25,Not Drowsy,0.869,0.122,eye_closure+blink_duration+yawning+head_pose,Good,False
2026-07-23T17:49:26,Not Drowsy,0.976,0.353,eye_closure+blink_duration+yawning+head_pose,Good,False
2026-07-23T17:49:26,Drowsy,0.952,0.697,eye_closure+blink_duration+yawning+head_pose,Good,True
2026-07-23T17:49:26,Insufficient Data,0.000,0.000,none,Insufficient Data (no face detected),False
2026-07-23T17:49:26,Not Drowsy,0.947,0.376,eye_closure+blink_duration+yawning+head_pose,Good,False
2026-07-23T17:49:26,Insufficient Data,0.000,0.000,none,Insufficient Data (head not sufficiently frontal),False
2026-07-23T17:49:26,Insufficient Data,0.000,0.000,none,Insufficient Data (head not sufficiently frontal),False
2026-07-23T17:49:26,Insufficient Data,0.000,0.000,none,Insufficient Data (head not sufficiently frontal),False
2026-07-23T17:49:27,Not Drowsy,0.955,0.370,eye_closure+blink_duration+yawning+head_pose,Good,False
2026-07-23T17:49:27,Not Drowsy,0.889,0.104,eye_closure+blink_duration+yawning+head_pose,Good,False
2026-07-23T17:49:27,Not Drowsy,0.946,0.377,eye_closure+blink_duration+yawning+head_pose,Good,False
2026-07-23T17:49:28,Not Drowsy,0.820,0.163,eye_closure+blink_duration+yawning+head_pose,Good,False
2026-07-23T17:49:28,Not Drowsy,0.960,0.039,eye_closure+blink_duration+yawning+head_pose,Good,False
2026-07-23T17:49:28,Not Drowsy,0.896,0.099,eye_closure+blink_duration+yawning+head_pose,Good,False
2026-07-23T17:49:28,Not Drowsy,0.969,0.030,eye_closure+blink_duration+yawning+head_pose,Good,False
2026-07-23T17:49:29,Not Drowsy,0.929,0.068,eye_closure+blink_duration+yawning+head_pose,Good,False
2026-07-23T17:49:29,Not Drowsy,0.944,0.054,eye_closure+blink_duration+yawning+head_pose,Good,False
2026-07-23T17:49:29,Not Drowsy,0.911,0.085,eye_closure+blink_duration+yawning+head_pose,Good,False
2026-07-23T17:49:29,Not Drowsy,0.926,0.071,eye_closure+blink_duration+yawning+head_pose,Good,False
2026-07-23T17:49:30,Not Drowsy,0.929,0.068,eye_closure+blink_duration+yawning+head_pose,Good,False
2026-07-23T17:49:30,Not Drowsy,0.898,0.097,eye_closure+blink_duration+yawning+head_pose,Good,False
2026-07-23T17:49:30,Not Drowsy,0.996,0.004,eye_closure+blink_duration+yawning+head_pose,Good,False
2026-07-23T17:49:30,Not Drowsy,0.998,0.002,eye_closure+blink_duration+yawning+head_pose,Good,False
2026-07-23T17:49:31,Not Drowsy,0.984,0.016,eye_closure+blink_duration+yawning+head_pose,Good,False
2026-07-23T17:49:31,Not Drowsy,1.000,0.333,eye_closure+blink_duration+yawning+head_pose,Good,False
2026-07-23T17:49:31,Not Drowsy,0.998,0.002,eye_closure+blink_duration+yawning+head_pose,Good,False
2026-07-23T17:49:31,Not Drowsy,0.977,0.023,eye_closure+blink_duration+yawning+head_pose,Good,False
2026-07-23T17:49:32,Not Drowsy,0.969,0.031,eye_closure+blink_duration+yawning+head_pose,Good,False
2026-07-23T17:49:32,Not Drowsy,0.952,0.046,eye_closure+blink_duration+yawning+head_pose,Good,False
2026-07-23T17:49:32,Not Drowsy,0.968,0.032,eye_closure+blink_duration+yawning+head_pose,Good,False
2026-07-23T17:49:33,Not Drowsy,0.966,0.033,eye_closure+blink_duration+yawning+head_pose,Good,False
2026-07-23T17:49:33,Not Drowsy,0.968,0.031,eye_closure+blink_duration+yawning+head_pose,Good,False
2026-07-23T17:49:33,Not Drowsy,0.962,0.038,eye_closure+blink_duration+yawning+head_pose,Good,False
2026-07-23T17:49:33,Not Drowsy,0.961,0.039,eye_closure+blink_duration+yawning+head_pose,Good,False
2026-07-23T17:49:34,Not Drowsy,0.960,0.039,eye_closure+blink_duration+yawning+head_pose,Good,False
2026-07-23T17:49:34,Not Drowsy,0.961,0.038,eye_closure+blink_duration+yawning+head_pose,Good,False
2026-07-23T17:49:34,Not Drowsy,0.959,0.040,eye_closure+blink_duration+yawning+head_pose,Good,False
2026-07-23T17:49:34,Not Drowsy,0.969,0.030,eye_closure+blink_duration+yawning+head_pose,Good,False
2026-07-23T17:49:35,Not Drowsy,0.972,0.028,eye_closure+blink_duration+yawning+head_pose,Good,False
2026-07-23T17:49:35,Not Drowsy,0.972,0.027,eye_closure+blink_duration+yawning+head_pose,Good,False
2026-07-23T17:49:35,Not Drowsy,0.973,0.026,eye_closure+blink_duration+yawning+head_pose,Good,False
2026-07-23T17:49:35,Not Drowsy,0.980,0.350,eye_closure+blink_duration+yawning+head_pose,Good,False
2026-07-23T17:49:36,Not Drowsy,0.988,0.012,eye_closure+blink_duration+yawning+head_pose,Good,False
2026-07-23T17:49:36,Not Drowsy,0.995,0.005,eye_closure+blink_duration+yawning+head_pose,Good,False
2026-07-23T17:49:36,Not Drowsy,0.993,0.007,eye_closure+blink_duration+yawning+head_pose,Good,False
2026-07-23T17:49:36,Not Drowsy,0.988,0.012,eye_closure+blink_duration+yawning+head_pose,Good,False
2026-07-23T17:49:37,Not Drowsy,0.986,0.014,eye_closure+blink_duration+yawning+head_pose,Good,False
2026-07-23T17:49:37,Not Drowsy,0.985,0.015,eye_closure+blink_duration+yawning+head_pose,Good,False
2026-07-23T17:49:37,Not Drowsy,0.979,0.021,eye_closure+blink_duration+yawning+head_pose,Good,False
2026-07-23T17:49:38,Not Drowsy,0.976,0.024,eye_closure+blink_duration+yawning+head_pose,Good,False
2026-07-23T17:49:38,Not Drowsy,0.975,0.025,eye_closure+blink_duration+yawning+head_pose,Good,False
2026-07-23T17:49:38,Not Drowsy,0.974,0.026,eye_closure+blink_duration+yawning+head_pose,Good,False
2026-07-23T17:49:38,Not Drowsy,0.973,0.027,eye_closure+blink_duration+yawning+head_pose,Good,False
2026-07-23T17:49:39,Not Drowsy,0.976,0.024,eye_closure+blink_duration+yawning+head_pose,Good,False
2026-07-23T17:49:39,Not Drowsy,0.978,0.022,eye_closure+blink_duration+yawning+head_pose,Good,False
2026-07-23T17:49:39,Not Drowsy,0.977,0.023,eye_closure+blink_duration+yawning+head_pose,Good,False
2026-07-23T17:49:39,Not Drowsy,0.975,0.025,eye_closure+blink_duration+yawning+head_pose,Good,False
2026-07-23T17:49:40,Not Drowsy,0.978,0.022,eye_closure+blink_duration+yawning+head_pose,Good,False
2026-07-23T17:49:40,Not Drowsy,0.982,0.018,eye_closure+blink_duration+yawning+head_pose,Good,False
2026-07-23T17:49:40,Not Drowsy,0.980,0.020,eye_closure+blink_duration+yawning+head_pose,Good,False
2026-07-23T17:49:41,Not Drowsy,0.984,0.016,eye_closure+blink_duration+yawning+head_pose,Good,False
2026-07-23T17:49:41,Not Drowsy,0.980,0.019,eye_closure+blink_duration+yawning+head_pose,Good,False
2026-07-23T17:49:41,Not Drowsy,0.980,0.020,eye_closure+blink_duration+yawning+head_pose,Good,False
2026-07-23T17:49:41,Not Drowsy,0.979,0.020,eye_closure+blink_duration+yawning+head_pose,Good,False
2026-07-23T17:49:42,Not Drowsy,0.981,0.018,eye_closure+blink_duration+yawning+head_pose,Good,False
2026-07-23T17:49:42,Not Drowsy,0.982,0.018,eye_closure+blink_duration+yawning+head_pose,Good,False
2026-07-23T17:49:42,Not Drowsy,0.983,0.017,eye_closure+blink_duration+yawning+head_pose,Good,False
2026-07-23T17:49:43,Not Drowsy,0.984,0.016,eye_closure+blink_duration+yawning+head_pose,Good,False
2026-07-23T17:49:43,Not Drowsy,0.977,0.023,eye_closure+blink_duration+yawning+head_pose,Good,False
2026-07-23T17:49:43,Not Drowsy,0.978,0.022,eye_closure+blink_duration+yawning+head_pose,Good,False
2026-07-23T17:49:43,Not Drowsy,0.979,0.021,eye_closure+blink_duration+yawning+head_pose,Good,False
2026-07-23T17:49:44,Not Drowsy,0.980,0.020,eye_closure+blink_duration+yawning+head_pose,Good,False
2026-07-23T17:49:44,Not Drowsy,0.979,0.350,eye_closure+blink_duration+yawning+head_pose,Good,False
2026-07-23T17:49:44,Not Drowsy,0.996,0.337,eye_closure+blink_duration+yawning+head_pose,Good,False
2026-07-23T17:49:44,Not Drowsy,0.995,0.005,eye_closure+blink_duration+yawning+head_pose,Good,False
2026-07-23T17:49:45,Not Drowsy,0.982,0.018,eye_closure+blink_duration+yawning+head_pose,Good,False
2026-07-23T17:49:45,Not Drowsy,0.987,0.013,eye_closure+blink_duration+yawning+head_pose,Good,False
2026-07-23T17:49:45,Not Drowsy,0.982,0.018,eye_closure+blink_duration+yawning+head_pose,Good,False
2026-07-23T17:49:45,Not Drowsy,0.973,0.026,eye_closure+blink_duration+yawning+head_pose,Good,False
2026-07-23T17:49:46,Not Drowsy,0.976,0.024,eye_closure+blink_duration+yawning+head_pose,Good,False
2026-07-23T17:49:46,Not Drowsy,0.973,0.027,eye_closure+blink_duration+yawning+head_pose,Good,False
2026-07-23T17:49:46,Not Drowsy,0.977,0.023,eye_closure+blink_duration+yawning+head_pose,Good,False
2026-07-23T17:49:46,Not Drowsy,0.978,0.022,eye_closure+blink_duration+yawning+head_pose,Good,False
2026-07-23T17:49:47,Not Drowsy,0.974,0.025,eye_closure+blink_duration+yawning+head_pose,Good,False
2026-07-23T17:49:47,Not Drowsy,0.975,0.025,eye_closure+blink_duration+yawning+head_pose,Good,False
2026-07-23T17:49:47,Not Drowsy,0.984,0.016,eye_closure+blink_duration+yawning+head_pose,Good,False
2026-07-23T17:49:47,Not Drowsy,0.914,0.083,eye_closure+blink_duration+yawning+head_pose,Good,False
2026-07-23T17:49:48,Not Drowsy,0.864,0.127,eye_closure+blink_duration+yawning+head_pose,Good,False
2026-07-23T17:49:48,Not Drowsy,0.849,0.140,eye_closure+blink_duration+yawning+head_pose,Good,False
2026-07-23T17:49:48,Not Drowsy,0.850,0.138,eye_closure+blink_duration+yawning+head_pose,Good,False
2026-07-23T17:49:48,Not Drowsy,0.922,0.075,eye_closure+blink_duration+yawning+head_pose,Good,False
2026-07-23T17:49:49,Not Drowsy,0.980,0.020,eye_closure+blink_duration+yawning+head_pose,Good,False
2026-07-23T17:49:49,Not Drowsy,0.980,0.020,eye_closure+blink_duration+yawning+head_pose,Good,False
2026-07-23T17:49:49,Not Drowsy,0.973,0.026,eye_closure+blink_duration+yawning+head_pose,Good,False
2026-07-23T17:49:49,Not Drowsy,0.977,0.022,eye_closure+blink_duration+yawning+head_pose,Good,False
2026-07-23T17:49:50,Not Drowsy,0.985,0.015,eye_closure+blink_duration+yawning+head_pose,Good,False
2026-07-23T17:49:50,Not Drowsy,0.988,0.012,eye_closure+blink_duration+yawning+head_pose,Good,False
2026-07-23T17:49:50,Not Drowsy,0.988,0.012,eye_closure+blink_duration+yawning+head_pose,Good,False
2026-07-23T17:49:50,Not Drowsy,0.987,0.012,eye_closure+blink_duration+yawning+head_pose,Good,False
2026-07-23T17:49:51,Not Drowsy,0.987,0.344,eye_closure+blink_duration+yawning+head_pose,Good,False
2026-07-23T17:49:51,Not Drowsy,0.986,0.014,eye_closure+blink_duration+yawning+head_pose,Good,False
2026-07-23T17:49:51,Not Drowsy,0.978,0.022,eye_closure+blink_duration+yawning+head_pose,Good,False
2026-07-23T17:49:51,Not Drowsy,0.970,0.029,eye_closure+blink_duration+yawning+head_pose,Good,False
2026-07-23T17:49:52,Not Drowsy,0.966,0.034,eye_closure+blink_duration+yawning+head_pose,Good,False
2026-07-23T17:49:52,Not Drowsy,0.970,0.030,eye_closure+blink_duration+yawning+head_pose,Good,False
2026-07-23T17:49:52,Not Drowsy,0.978,0.351,eye_closure+blink_duration+yawning+head_pose,Good,False
2026-07-23T17:49:52,Not Drowsy,0.978,0.022,eye_closure+blink_duration+yawning+head_pose,Good,False
2026-07-23T17:49:53,Not Drowsy,0.969,0.031,eye_closure+blink_duration+yawning+head_pose,Good,False
2026-07-23T17:49:53,Not Drowsy,0.978,0.021,eye_closure+blink_duration+yawning+head_pose,Good,False
2026-07-23T17:49:53,Not Drowsy,0.977,0.023,eye_closure+blink_duration+yawning+head_pose,Good,False
2026-07-23T17:49:53,Not Drowsy,0.980,0.019,eye_closure+blink_duration+yawning+head_pose,Good,False
2026-07-23T17:49:54,Not Drowsy,0.980,0.020,eye_closure+blink_duration+yawning+head_pose,Good,False
2026-07-23T17:49:54,Not Drowsy,0.979,0.020,eye_closure+blink_duration+yawning+head_pose,Good,False
2026-07-23T17:49:54,Not Drowsy,0.978,0.021,eye_closure+blink_duration+yawning+head_pose,Good,False
2026-07-23T17:49:55,Not Drowsy,0.978,0.021,eye_closure+blink_duration+yawning+head_pose,Good,False
2026-07-23T17:49:55,Not Drowsy,0.980,0.020,eye_closure+blink_duration+yawning+head_pose,Good,False
2026-07-23T17:49:55,Not Drowsy,0.979,0.021,eye_closure+blink_duration+yawning+head_pose,Good,False
2026-07-23T17:49:55,Not Drowsy,0.983,0.017,eye_closure+blink_duration+yawning+head_pose,Good,False
2026-07-23T17:49:56,Not Drowsy,0.985,0.015,eye_closure+blink_duration+yawning+head_pose,Good,False
2026-07-23T17:49:56,Not Drowsy,0.985,0.015,eye_closure+blink_duration+yawning+head_pose,Good,False
2026-07-23T17:49:56,Not Drowsy,0.983,0.017,eye_closure+blink_duration+yawning+head_pose,Good,False
2026-07-23T17:49:56,Not Drowsy,0.984,0.016,eye_closure+blink_duration+yawning+head_pose,Good,False
2026-07-23T17:49:57,Not Drowsy,0.981,0.019,eye_closure+blink_duration+yawning+head_pose,Good,False
2026-07-23T17:49:57,Not Drowsy,0.966,0.033,eye_closure+blink_duration+yawning+head_pose,Good,False
2026-07-23T17:49:57,Not Drowsy,0.968,0.032,eye_closure+blink_duration+yawning+head_pose,Good,False
2026-07-23T17:49:57,Not Drowsy,0.970,0.030,eye_closure+blink_duration+yawning+head_pose,Good,False
2026-07-23T17:49:58,Not Drowsy,0.974,0.026,eye_closure+blink_duration+yawning+head_pose,Good,False
2026-07-23T17:49:58,Not Drowsy,0.981,0.019,eye_closure+blink_duration+yawning+head_pose,Good,False
2026-07-23T17:49:58,Not Drowsy,0.980,0.020,eye_closure+blink_duration+yawning+head_pose,Good,False
2026-07-23T17:49:58,Not Drowsy,0.976,0.023,eye_closure+blink_duration+yawning+head_pose,Good,False
2026-07-23T17:49:59,Not Drowsy,0.978,0.022,eye_closure+blink_duration+yawning+head_pose,Good,False
